Limit_Version:,,,,,,,,,,,,,,,,,,,,,,,,,,,,,,,,,,,,,,,,,,,,,,,,,,,,,,,,,,,
1,,,,,,,,,,,,,,,,,,,,,,,,,,,,,,,,,,,,,,,,,,,,,,,,,,,,,,,,,,,
IC_X_CFG_SIZE:,,,,,,,,,,,,,,,,,,,,,,,,,,,,,,,,,,,,,,,,,,,,,,,,,,,,,,,,,,,
60,,,,,,,,,,,,,,,,,,,,,,,,,,,,,,,,,,,,,,,,,,,,,,,,,,,,,,,,,,,
IC_Y_CFG_SIZE:,,,,,,,,,,,,,,,,,,,,,,,,,,,,,,,,,,,,,,,,,,,,,,,,,,,,,,,,,,,
40,,,,,,,,,,,,,,,,,,,,,,,,,,,,,,,,,,,,,,,,,,,,,,,,,,,,,,,,,,,
IC_KEY_CFG_SIZE:,,,,,,,,,,,,,,,,,,,,,,,,,,,,,,,,,,,,,,,,,,,,,,,,,,,,,,,,,,,
4,,,,,,,,,,,,,,,,,,,,,,,,,,,,,,,,,,,,,,,,,,,,,,,,,,,,,,,,,,,
X_Channel:,,,,,,,,,,,,,,,,,,,,,,,,,,,,,,,,,,,,,,,,,,,,,,,,,,,,,,,,,,,
60,,,,,,,,,,,,,,,,,,,,,,,,,,,,,,,,,,,,,,,,,,,,,,,,,,,,,,,,,,,
Y_Channel:,,,,,,,,,,,,,,,,,,,,,,,,,,,,,,,,,,,,,,,,,,,,,,,,,,,,,,,,,,,
40,,,,,,,,,,,,,,,,,,,,,,,,,,,,,,,,,,,,,,,,,,,,,,,,,,,,,,,,,,,
AIN_X:,,,,,,,,,,,,,,,,,,,,,,,,,,,,,,,,,,,,,,,,,,,,,,,,,,,,,,,,,,,
0,1,2,3,4,5,6,7,8,9,10,11,12,13,14,15,16,17,18,19,20,21,22,23,24,25,26,27,28,29,30,31,32,33,34,35,36,37,38,39,40,41,42,43,44,45,46,47,48,49,50,51,52,53,54,55,56,57,58,59
AIN_Y:,,,,,,,,,,,,,,,,,,,,,,,,,,,,,,,,,,,,,,,,,,,,,,,,,,,,,,,,,,,
0,1,2,3,4,5,6,7,8,9,10,11,12,13,14,15,16,17,18,19,20,21,22,23,24,25,26,27,28,29,30,31,32,33,34,35,36,37,38,39,,,,,,,,,,,,,,,,,,,,
AIN_KEY:,,,,,,,,,,,,,,,,,,,,,,,,,,,,,,,,,,,,,,,,,,,,,,,,,,,,,,,,,,,
0,1,2,0xFF,,,,,,,,,,,,,,,,,,,,,,,,,,,,,,,,,,,,,,,,,,,,,,,,,,,,,,,,
PS_Config_Lmt_Short_Rawdata_P:,,,,,,,,,,,,,,,,,,,,,,,,,,,,,,,,,,,,,,,,,,,,,,,,,,,,,,,,,,,
14008,14008,14008,14008,14008,14008,14008,14008,14008,14008,14008,14008,14008,14008,14008,14008,14008,14008,14008,14008,14008,14008,14008,14008,14008,14008,14008,14008,14008,14008,14008,14008,14008,14008,14008,14008,14008,14008,14008,14008,14008,14008,14008,14008,14008,14008,14008,14008,14008,14008,14008,14008,14008,14008,14008,14008,14008,14008,14008,14008
14008,14008,14008,14008,14008,14008,14008,14008,14008,14008,14008,14008,14008,14008,14008,14008,14008,14008,14008,14008,14008,14008,14008,14008,14008,14008,14008,14008,14008,14008,14008,14008,14008,14008,14008,14008,14008,14008,14008,14008,14008,14008,14008,14008,14008,14008,14008,14008,14008,14008,14008,14008,14008,14008,14008,14008,14008,14008,14008,14008
14008,14008,14008,14008,14008,14008,14008,14008,14008,14008,14008,14008,14008,14008,14008,14008,14008,14008,14008,14008,14008,14008,14008,14008,14008,14008,14008,14008,14008,14008,14008,14008,14008,14008,14008,14008,14008,14008,14008,14008,14008,14008,14008,14008,14008,14008,14008,14008,14008,14008,14008,14008,14008,14008,14008,14008,14008,14008,14008,14008
14008,14008,14008,14008,14008,14008,14008,14008,14008,14008,14008,14008,14008,14008,14008,14008,14008,14008,14008,14008,14008,14008,14008,14008,14008,14008,14008,14008,14008,14008,14008,14008,14008,14008,14008,14008,14008,14008,14008,14008,14008,14008,14008,14008,14008,14008,14008,14008,14008,14008,14008,14008,14008,14008,14008,14008,14008,14008,14008,14008
14008,14008,14008,14008,14008,14008,14008,14008,14008,14008,14008,14008,14008,14008,14008,14008,14008,14008,14008,14008,14008,14008,14008,14008,14008,14008,14008,14008,14008,14008,14008,14008,14008,14008,14008,14008,14008,14008,14008,14008,14008,14008,14008,14008,14008,14008,14008,14008,14008,14008,14008,14008,14008,14008,14008,14008,14008,14008,14008,14008
14008,14008,14008,14008,14008,14008,14008,14008,14008,14008,14008,14008,14008,14008,14008,14008,14008,14008,14008,14008,14008,14008,14008,14008,14008,14008,14008,14008,14008,14008,14008,14008,14008,14008,14008,14008,14008,14008,14008,14008,14008,14008,14008,14008,14008,14008,14008,14008,14008,14008,14008,14008,14008,14008,14008,14008,14008,14008,14008,14008
14008,14008,14008,14008,14008,14008,14008,14008,14008,14008,14008,14008,14008,14008,14008,14008,14008,14008,14008,14008,14008,14008,14008,14008,14008,14008,14008,14008,14008,14008,14008,14008,14008,14008,14008,14008,14008,14008,14008,14008,14008,14008,14008,14008,14008,14008,14008,14008,14008,14008,14008,14008,14008,14008,14008,14008,14008,14008,14008,14008
14008,14008,14008,14008,14008,14008,14008,14008,14008,14008,14008,14008,14008,14008,14008,14008,14008,14008,14008,14008,14008,14008,14008,14008,14008,14008,14008,14008,14008,14008,14008,14008,14008,14008,14008,14008,14008,14008,14008,14008,14008,14008,14008,14008,14008,14008,14008,14008,14008,14008,14008,14008,14008,14008,14008,14008,14008,14008,14008,14008
14008,14008,14008,14008,14008,14008,14008,14008,14008,14008,14008,14008,14008,14008,14008,14008,14008,14008,14008,14008,14008,14008,14008,14008,14008,14008,14008,14008,14008,14008,14008,14008,14008,14008,14008,14008,14008,14008,14008,14008,14008,14008,14008,14008,14008,14008,14008,14008,14008,14008,14008,14008,14008,14008,14008,14008,14008,14008,14008,14008
14008,14008,14008,14008,14008,14008,14008,14008,14008,14008,14008,14008,14008,14008,14008,14008,14008,14008,14008,14008,14008,14008,14008,14008,14008,14008,14008,14008,14008,14008,14008,14008,14008,14008,14008,14008,14008,14008,14008,14008,14008,14008,14008,14008,14008,14008,14008,14008,14008,14008,14008,14008,14008,14008,14008,14008,14008,14008,14008,14008
14008,14008,14008,14008,14008,14008,14008,14008,14008,14008,14008,14008,14008,14008,14008,14008,14008,14008,14008,14008,14008,14008,14008,14008,14008,14008,14008,14008,14008,14008,14008,14008,14008,14008,14008,14008,14008,14008,14008,14008,14008,14008,14008,14008,14008,14008,14008,14008,14008,14008,14008,14008,14008,14008,14008,14008,14008,14008,14008,14008
14008,14008,14008,14008,14008,14008,14008,14008,14008,14008,14008,14008,14008,14008,14008,14008,14008,14008,14008,14008,14008,14008,14008,14008,14008,14008,14008,14008,14008,14008,14008,14008,14008,14008,14008,14008,14008,14008,14008,14008,14008,14008,14008,14008,14008,14008,14008,14008,14008,14008,14008,14008,14008,14008,14008,14008,14008,14008,14008,14008
14008,14008,14008,14008,14008,14008,14008,14008,14008,14008,14008,14008,14008,14008,14008,14008,14008,14008,14008,14008,14008,14008,14008,14008,14008,14008,14008,14008,14008,14008,14008,14008,14008,14008,14008,14008,14008,14008,14008,14008,14008,14008,14008,14008,14008,14008,14008,14008,14008,14008,14008,14008,14008,14008,14008,14008,14008,14008,14008,14008
14008,14008,14008,14008,14008,14008,14008,14008,14008,14008,14008,14008,14008,14008,14008,14008,14008,14008,14008,14008,14008,14008,14008,14008,14008,14008,14008,14008,14008,14008,14008,14008,14008,14008,14008,14008,14008,14008,14008,14008,14008,14008,14008,14008,14008,14008,14008,14008,14008,14008,14008,14008,14008,14008,14008,14008,14008,14008,14008,14008
14008,14008,14008,14008,14008,14008,14008,14008,14008,14008,14008,14008,14008,14008,14008,14008,14008,14008,14008,14008,14008,14008,14008,14008,14008,14008,14008,14008,14008,14008,14008,14008,14008,14008,14008,14008,14008,14008,14008,14008,14008,14008,14008,14008,14008,14008,14008,14008,14008,14008,14008,14008,14008,14008,14008,14008,14008,14008,14008,14008
14008,14008,14008,14008,14008,14008,14008,14008,14008,14008,14008,14008,14008,14008,14008,14008,14008,14008,14008,14008,14008,14008,14008,14008,14008,14008,14008,14008,14008,14008,14008,14008,14008,14008,14008,14008,14008,14008,14008,14008,14008,14008,14008,14008,14008,14008,14008,14008,14008,14008,14008,14008,14008,14008,14008,14008,14008,14008,14008,14008
14008,14008,14008,14008,14008,14008,14008,14008,14008,14008,14008,14008,14008,14008,14008,14008,14008,14008,14008,14008,14008,14008,14008,14008,14008,14008,14008,14008,14008,14008,14008,14008,14008,14008,14008,14008,14008,14008,14008,14008,14008,14008,14008,14008,14008,14008,14008,14008,14008,14008,14008,14008,14008,14008,14008,14008,14008,14008,14008,14008
14008,14008,14008,14008,14008,14008,14008,14008,14008,14008,14008,14008,14008,14008,14008,14008,14008,14008,14008,14008,14008,14008,14008,14008,14008,14008,14008,14008,14008,14008,14008,14008,14008,14008,14008,14008,14008,14008,14008,14008,14008,14008,14008,14008,14008,14008,14008,14008,14008,14008,14008,14008,14008,14008,14008,14008,14008,14008,14008,14008
14008,14008,14008,14008,14008,14008,14008,14008,14008,14008,14008,14008,14008,14008,14008,14008,14008,14008,14008,14008,14008,14008,14008,14008,14008,14008,14008,14008,14008,14008,14008,14008,14008,14008,14008,14008,14008,14008,14008,14008,14008,14008,14008,14008,14008,14008,14008,14008,14008,14008,14008,14008,14008,14008,14008,14008,14008,14008,14008,14008
14008,14008,14008,14008,14008,14008,14008,14008,14008,14008,14008,14008,14008,14008,14008,14008,14008,14008,14008,14008,14008,14008,14008,14008,14008,14008,14008,14008,14008,14008,14008,14008,14008,14008,14008,14008,14008,14008,14008,14008,14008,14008,14008,14008,14008,14008,14008,14008,14008,14008,14008,14008,14008,14008,14008,14008,14008,14008,14008,14008
14008,14008,14008,14008,14008,14008,14008,14008,14008,14008,14008,14008,14008,14008,14008,14008,14008,14008,14008,14008,14008,14008,14008,14008,14008,14008,14008,14008,14008,14008,14008,14008,14008,14008,14008,14008,14008,14008,14008,14008,14008,14008,14008,14008,14008,14008,14008,14008,14008,14008,14008,14008,14008,14008,14008,14008,14008,14008,14008,14008
14008,14008,14008,14008,14008,14008,14008,14008,14008,14008,14008,14008,14008,14008,14008,14008,14008,14008,14008,14008,14008,14008,14008,14008,14008,14008,14008,14008,14008,14008,14008,14008,14008,14008,14008,14008,14008,14008,14008,14008,14008,14008,14008,14008,14008,14008,14008,14008,14008,14008,14008,14008,14008,14008,14008,14008,14008,14008,14008,14008
14008,14008,14008,14008,14008,14008,14008,14008,14008,14008,14008,14008,14008,14008,14008,14008,14008,14008,14008,14008,14008,14008,14008,14008,14008,14008,14008,14008,14008,14008,14008,14008,14008,14008,14008,14008,14008,14008,14008,14008,14008,14008,14008,14008,14008,14008,14008,14008,14008,14008,14008,14008,14008,14008,14008,14008,14008,14008,14008,14008
14008,14008,14008,14008,14008,14008,14008,14008,14008,14008,14008,14008,14008,14008,14008,14008,14008,14008,14008,14008,14008,14008,14008,14008,14008,14008,14008,14008,14008,14008,14008,14008,14008,14008,14008,14008,14008,14008,14008,14008,14008,14008,14008,14008,14008,14008,14008,14008,14008,14008,14008,14008,14008,14008,14008,14008,14008,14008,14008,14008
14008,14008,14008,14008,14008,14008,14008,14008,14008,14008,14008,14008,14008,14008,14008,14008,14008,14008,14008,14008,14008,14008,14008,14008,14008,14008,14008,14008,14008,14008,14008,14008,14008,14008,14008,14008,14008,14008,14008,14008,14008,14008,14008,14008,14008,14008,14008,14008,14008,14008,14008,14008,14008,14008,14008,14008,14008,14008,14008,14008
14008,14008,14008,14008,14008,14008,14008,14008,14008,14008,14008,14008,14008,14008,14008,14008,14008,14008,14008,14008,14008,14008,14008,14008,14008,14008,14008,14008,14008,14008,14008,14008,14008,14008,14008,14008,14008,14008,14008,14008,14008,14008,14008,14008,14008,14008,14008,14008,14008,14008,14008,14008,14008,14008,14008,14008,14008,14008,14008,14008
14008,14008,14008,14008,14008,14008,14008,14008,14008,14008,14008,14008,14008,14008,14008,14008,14008,14008,14008,14008,14008,14008,14008,14008,14008,14008,14008,14008,14008,14008,14008,14008,14008,14008,14008,14008,14008,14008,14008,14008,14008,14008,14008,14008,14008,14008,14008,14008,14008,14008,14008,14008,14008,14008,14008,14008,14008,14008,14008,14008
14008,14008,14008,14008,14008,14008,14008,14008,14008,14008,14008,14008,14008,14008,14008,14008,14008,14008,14008,14008,14008,14008,14008,14008,14008,14008,14008,14008,14008,14008,14008,14008,14008,14008,14008,14008,14008,14008,14008,14008,14008,14008,14008,14008,14008,14008,14008,14008,14008,14008,14008,14008,14008,14008,14008,14008,14008,14008,14008,14008
14008,14008,14008,14008,14008,14008,14008,14008,14008,14008,14008,14008,14008,14008,14008,14008,14008,14008,14008,14008,14008,14008,14008,14008,14008,14008,14008,14008,14008,14008,14008,14008,14008,14008,14008,14008,14008,14008,14008,14008,14008,14008,14008,14008,14008,14008,14008,14008,14008,14008,14008,14008,14008,14008,14008,14008,14008,14008,14008,14008
14008,14008,14008,14008,14008,14008,14008,14008,14008,14008,14008,14008,14008,14008,14008,14008,14008,14008,14008,14008,14008,14008,14008,14008,14008,14008,14008,14008,14008,14008,14008,14008,14008,14008,14008,14008,14008,14008,14008,14008,14008,14008,14008,14008,14008,14008,14008,14008,14008,14008,14008,14008,14008,14008,14008,14008,14008,14008,14008,14008
14008,14008,14008,14008,14008,14008,14008,14008,14008,14008,14008,14008,14008,14008,14008,14008,14008,14008,14008,14008,14008,14008,14008,14008,14008,14008,14008,14008,14008,14008,14008,14008,14008,14008,14008,14008,14008,14008,14008,14008,14008,14008,14008,14008,14008,14008,14008,14008,14008,14008,14008,14008,14008,14008,14008,14008,14008,14008,14008,14008
14008,14008,14008,14008,14008,14008,14008,14008,14008,14008,14008,14008,14008,14008,14008,14008,14008,14008,14008,14008,14008,14008,14008,14008,14008,14008,14008,14008,14008,14008,14008,14008,14008,14008,14008,14008,14008,14008,14008,14008,14008,14008,14008,14008,14008,14008,14008,14008,14008,14008,14008,14008,14008,14008,14008,14008,14008,14008,14008,14008
14008,14008,14008,14008,14008,14008,14008,14008,14008,14008,14008,14008,14008,14008,14008,14008,14008,14008,14008,14008,14008,14008,14008,14008,14008,14008,14008,14008,14008,14008,14008,14008,14008,14008,14008,14008,14008,14008,14008,14008,14008,14008,14008,14008,14008,14008,14008,14008,14008,14008,14008,14008,14008,14008,14008,14008,14008,14008,14008,14008
14008,14008,14008,14008,14008,14008,14008,14008,14008,14008,14008,14008,14008,14008,14008,14008,14008,14008,14008,14008,14008,14008,14008,14008,14008,14008,14008,14008,14008,14008,14008,14008,14008,14008,14008,14008,14008,14008,14008,14008,14008,14008,14008,14008,14008,14008,14008,14008,14008,14008,14008,14008,14008,14008,14008,14008,14008,14008,14008,14008
14008,14008,14008,14008,14008,14008,14008,14008,14008,14008,14008,14008,14008,14008,14008,14008,14008,14008,14008,14008,14008,14008,14008,14008,14008,14008,14008,14008,14008,14008,14008,14008,14008,14008,14008,14008,14008,14008,14008,14008,14008,14008,14008,14008,14008,14008,14008,14008,14008,14008,14008,14008,14008,14008,14008,14008,14008,14008,14008,14008
14008,14008,14008,14008,14008,14008,14008,14008,14008,14008,14008,14008,14008,14008,14008,14008,14008,14008,14008,14008,14008,14008,14008,14008,14008,14008,14008,14008,14008,14008,14008,14008,14008,14008,14008,14008,14008,14008,14008,14008,14008,14008,14008,14008,14008,14008,14008,14008,14008,14008,14008,14008,14008,14008,14008,14008,14008,14008,14008,14008
14008,14008,14008,14008,14008,14008,14008,14008,14008,14008,14008,14008,14008,14008,14008,14008,14008,14008,14008,14008,14008,14008,14008,14008,14008,14008,14008,14008,14008,14008,14008,14008,14008,14008,14008,14008,14008,14008,14008,14008,14008,14008,14008,14008,14008,14008,14008,14008,14008,14008,14008,14008,14008,14008,14008,14008,14008,14008,14008,14008
14008,14008,14008,14008,14008,14008,14008,14008,14008,14008,14008,14008,14008,14008,14008,14008,14008,14008,14008,14008,14008,14008,14008,14008,14008,14008,14008,14008,14008,14008,14008,14008,14008,14008,14008,14008,14008,14008,14008,14008,14008,14008,14008,14008,14008,14008,14008,14008,14008,14008,14008,14008,14008,14008,14008,14008,14008,14008,14008,14008
14008,14008,14008,14008,14008,14008,14008,14008,14008,14008,14008,14008,14008,14008,14008,14008,14008,14008,14008,14008,14008,14008,14008,14008,14008,14008,14008,14008,14008,14008,14008,14008,14008,14008,14008,14008,14008,14008,14008,14008,14008,14008,14008,14008,14008,14008,14008,14008,14008,14008,14008,14008,14008,14008,14008,14008,14008,14008,14008,14008
14008,14008,14008,14008,14008,14008,14008,14008,14008,14008,14008,14008,14008,14008,14008,14008,14008,14008,14008,14008,14008,14008,14008,14008,14008,14008,14008,14008,14008,14008,14008,14008,14008,14008,14008,14008,14008,14008,14008,14008,14008,14008,14008,14008,14008,14008,14008,14008,14008,14008,14008,14008,14008,14008,14008,14008,14008,14008,14008,14008
PS_Config_Lmt_Short_Rawdata_N:,,,,,,,,,,,,,,,,,,,,,,,,,,,,,,,,,,,,,,,,,,,,,,,,,,,,,,,,,,,
10100,10100,10100,10100,10100,10100,10100,10100,10100,10100,10100,10100,10100,10100,10100,10100,10100,10100,10100,10100,10100,10100,10100,10100,10100,10100,10100,10100,10100,10100,10100,10100,10100,10100,10100,10100,10100,10100,10100,10100,10100,10100,10100,10100,10100,10100,10100,10100,10100,10100,10100,10100,10100,10100,10100,10100,10100,10100,10100,10100
10100,10100,10100,10100,10100,10100,10100,10100,10100,10100,10100,10100,10100,10100,10100,10100,10100,10100,10100,10100,10100,10100,10100,10100,10100,10100,10100,10100,10100,10100,10100,10100,10100,10100,10100,10100,10100,10100,10100,10100,10100,10100,10100,10100,10100,10100,10100,10100,10100,10100,10100,10100,10100,10100,10100,10100,10100,10100,10100,10100
10100,10100,10100,10100,10100,10100,10100,10100,10100,10100,10100,10100,10100,10100,10100,10100,10100,10100,10100,10100,10100,10100,10100,10100,10100,10100,10100,10100,10100,10100,10100,10100,10100,10100,10100,10100,10100,10100,10100,10100,10100,10100,10100,10100,10100,10100,10100,10100,10100,10100,10100,10100,10100,10100,10100,10100,10100,10100,10100,10100
10100,10100,10100,10100,10100,10100,10100,10100,10100,10100,10100,10100,10100,10100,10100,10100,10100,10100,10100,10100,10100,10100,10100,10100,10100,10100,10100,10100,10100,10100,10100,10100,10100,10100,10100,10100,10100,10100,10100,10100,10100,10100,10100,10100,10100,10100,10100,10100,10100,10100,10100,10100,10100,10100,10100,10100,10100,10100,10100,10100
10100,10100,10100,10100,10100,10100,10100,10100,10100,10100,10100,10100,10100,10100,10100,10100,10100,10100,10100,10100,10100,10100,10100,10100,10100,10100,10100,10100,10100,10100,10100,10100,10100,10100,10100,10100,10100,10100,10100,10100,10100,10100,10100,10100,10100,10100,10100,10100,10100,10100,10100,10100,10100,10100,10100,10100,10100,10100,10100,10100
10100,10100,10100,10100,10100,10100,10100,10100,10100,10100,10100,10100,10100,10100,10100,10100,10100,10100,10100,10100,10100,10100,10100,10100,10100,10100,10100,10100,10100,10100,10100,10100,10100,10100,10100,10100,10100,10100,10100,10100,10100,10100,10100,10100,10100,10100,10100,10100,10100,10100,10100,10100,10100,10100,10100,10100,10100,10100,10100,10100
10100,10100,10100,10100,10100,10100,10100,10100,10100,10100,10100,10100,10100,10100,10100,10100,10100,10100,10100,10100,10100,10100,10100,10100,10100,10100,10100,10100,10100,10100,10100,10100,10100,10100,10100,10100,10100,10100,10100,10100,10100,10100,10100,10100,10100,10100,10100,10100,10100,10100,10100,10100,10100,10100,10100,10100,10100,10100,10100,10100
10100,10100,10100,10100,10100,10100,10100,10100,10100,10100,10100,10100,10100,10100,10100,10100,10100,10100,10100,10100,10100,10100,10100,10100,10100,10100,10100,10100,10100,10100,10100,10100,10100,10100,10100,10100,10100,10100,10100,10100,10100,10100,10100,10100,10100,10100,10100,10100,10100,10100,10100,10100,10100,10100,10100,10100,10100,10100,10100,10100
10100,10100,10100,10100,10100,10100,10100,10100,10100,10100,10100,10100,10100,10100,10100,10100,10100,10100,10100,10100,10100,10100,10100,10100,10100,10100,10100,10100,10100,10100,10100,10100,10100,10100,10100,10100,10100,10100,10100,10100,10100,10100,10100,10100,10100,10100,10100,10100,10100,10100,10100,10100,10100,10100,10100,10100,10100,10100,10100,10100
10100,10100,10100,10100,10100,10100,10100,10100,10100,10100,10100,10100,10100,10100,10100,10100,10100,10100,10100,10100,10100,10100,10100,10100,10100,10100,10100,10100,10100,10100,10100,10100,10100,10100,10100,10100,10100,10100,10100,10100,10100,10100,10100,10100,10100,10100,10100,10100,10100,10100,10100,10100,10100,10100,10100,10100,10100,10100,10100,10100
10100,10100,10100,10100,10100,10100,10100,10100,10100,10100,10100,10100,10100,10100,10100,10100,10100,10100,10100,10100,10100,10100,10100,10100,10100,10100,10100,10100,10100,10100,10100,10100,10100,10100,10100,10100,10100,10100,10100,10100,10100,10100,10100,10100,10100,10100,10100,10100,10100,10100,10100,10100,10100,10100,10100,10100,10100,10100,10100,10100
10100,10100,10100,10100,10100,10100,10100,10100,10100,10100,10100,10100,10100,10100,10100,10100,10100,10100,10100,10100,10100,10100,10100,10100,10100,10100,10100,10100,10100,10100,10100,10100,10100,10100,10100,10100,10100,10100,10100,10100,10100,10100,10100,10100,10100,10100,10100,10100,10100,10100,10100,10100,10100,10100,10100,10100,10100,10100,10100,10100
10100,10100,10100,10100,10100,10100,10100,10100,10100,10100,10100,10100,10100,10100,10100,10100,10100,10100,10100,10100,10100,10100,10100,10100,10100,10100,10100,10100,10100,10100,10100,10100,10100,10100,10100,10100,10100,10100,10100,10100,10100,10100,10100,10100,10100,10100,10100,10100,10100,10100,10100,10100,10100,10100,10100,10100,10100,10100,10100,10100
10100,10100,10100,10100,10100,10100,10100,10100,10100,10100,10100,10100,10100,10100,10100,10100,10100,10100,10100,10100,10100,10100,10100,10100,10100,10100,10100,10100,10100,10100,10100,10100,10100,10100,10100,10100,10100,10100,10100,10100,10100,10100,10100,10100,10100,10100,10100,10100,10100,10100,10100,10100,10100,10100,10100,10100,10100,10100,10100,10100
10100,10100,10100,10100,10100,10100,10100,10100,10100,10100,10100,10100,10100,10100,10100,10100,10100,10100,10100,10100,10100,10100,10100,10100,10100,10100,10100,10100,10100,10100,10100,10100,10100,10100,10100,10100,10100,10100,10100,10100,10100,10100,10100,10100,10100,10100,10100,10100,10100,10100,10100,10100,10100,10100,10100,10100,10100,10100,10100,10100
10100,10100,10100,10100,10100,10100,10100,10100,10100,10100,10100,10100,10100,10100,10100,10100,10100,10100,10100,10100,10100,10100,10100,10100,10100,10100,10100,10100,10100,10100,10100,10100,10100,10100,10100,10100,10100,10100,10100,10100,10100,10100,10100,10100,10100,10100,10100,10100,10100,10100,10100,10100,10100,10100,10100,10100,10100,10100,10100,10100
10100,10100,10100,10100,10100,10100,10100,10100,10100,10100,10100,10100,10100,10100,10100,10100,10100,10100,10100,10100,10100,10100,10100,10100,10100,10100,10100,10100,10100,10100,10100,10100,10100,10100,10100,10100,10100,10100,10100,10100,10100,10100,10100,10100,10100,10100,10100,10100,10100,10100,10100,10100,10100,10100,10100,10100,10100,10100,10100,10100
10100,10100,10100,10100,10100,10100,10100,10100,10100,10100,10100,10100,10100,10100,10100,10100,10100,10100,10100,10100,10100,10100,10100,10100,10100,10100,10100,10100,10100,10100,10100,10100,10100,10100,10100,10100,10100,10100,10100,10100,10100,10100,10100,10100,10100,10100,10100,10100,10100,10100,10100,10100,10100,10100,10100,10100,10100,10100,10100,10100
10100,10100,10100,10100,10100,10100,10100,10100,10100,10100,10100,10100,10100,10100,10100,10100,10100,10100,10100,10100,10100,10100,10100,10100,10100,10100,10100,10100,10100,10100,10100,10100,10100,10100,10100,10100,10100,10100,10100,10100,10100,10100,10100,10100,10100,10100,10100,10100,10100,10100,10100,10100,10100,10100,10100,10100,10100,10100,10100,10100
10100,10100,10100,10100,10100,10100,10100,10100,10100,10100,10100,10100,10100,10100,10100,10100,10100,10100,10100,10100,10100,10100,10100,10100,10100,10100,10100,10100,10100,10100,10100,10100,10100,10100,10100,10100,10100,10100,10100,10100,10100,10100,10100,10100,10100,10100,10100,10100,10100,10100,10100,10100,10100,10100,10100,10100,10100,10100,10100,10100
10100,10100,10100,10100,10100,10100,10100,10100,10100,10100,10100,10100,10100,10100,10100,10100,10100,10100,10100,10100,10100,10100,10100,10100,10100,10100,10100,10100,10100,10100,10100,10100,10100,10100,10100,10100,10100,10100,10100,10100,10100,10100,10100,10100,10100,10100,10100,10100,10100,10100,10100,10100,10100,10100,10100,10100,10100,10100,10100,10100
10100,10100,10100,10100,10100,10100,10100,10100,10100,10100,10100,10100,10100,10100,10100,10100,10100,10100,10100,10100,10100,10100,10100,10100,10100,10100,10100,10100,10100,10100,10100,10100,10100,10100,10100,10100,10100,10100,10100,10100,10100,10100,10100,10100,10100,10100,10100,10100,10100,10100,10100,10100,10100,10100,10100,10100,10100,10100,10100,10100
10100,10100,10100,10100,10100,10100,10100,10100,10100,10100,10100,10100,10100,10100,10100,10100,10100,10100,10100,10100,10100,10100,10100,10100,10100,10100,10100,10100,10100,10100,10100,10100,10100,10100,10100,10100,10100,10100,10100,10100,10100,10100,10100,10100,10100,10100,10100,10100,10100,10100,10100,10100,10100,10100,10100,10100,10100,10100,10100,10100
10100,10100,10100,10100,10100,10100,10100,10100,10100,10100,10100,10100,10100,10100,10100,10100,10100,10100,10100,10100,10100,10100,10100,10100,10100,10100,10100,10100,10100,10100,10100,10100,10100,10100,10100,10100,10100,10100,10100,10100,10100,10100,10100,10100,10100,10100,10100,10100,10100,10100,10100,10100,10100,10100,10100,10100,10100,10100,10100,10100
10100,10100,10100,10100,10100,10100,10100,10100,10100,10100,10100,10100,10100,10100,10100,10100,10100,10100,10100,10100,10100,10100,10100,10100,10100,10100,10100,10100,10100,10100,10100,10100,10100,10100,10100,10100,10100,10100,10100,10100,10100,10100,10100,10100,10100,10100,10100,10100,10100,10100,10100,10100,10100,10100,10100,10100,10100,10100,10100,10100
10100,10100,10100,10100,10100,10100,10100,10100,10100,10100,10100,10100,10100,10100,10100,10100,10100,10100,10100,10100,10100,10100,10100,10100,10100,10100,10100,10100,10100,10100,10100,10100,10100,10100,10100,10100,10100,10100,10100,10100,10100,10100,10100,10100,10100,10100,10100,10100,10100,10100,10100,10100,10100,10100,10100,10100,10100,10100,10100,10100
10100,10100,10100,10100,10100,10100,10100,10100,10100,10100,10100,10100,10100,10100,10100,10100,10100,10100,10100,10100,10100,10100,10100,10100,10100,10100,10100,10100,10100,10100,10100,10100,10100,10100,10100,10100,10100,10100,10100,10100,10100,10100,10100,10100,10100,10100,10100,10100,10100,10100,10100,10100,10100,10100,10100,10100,10100,10100,10100,10100
10100,10100,10100,10100,10100,10100,10100,10100,10100,10100,10100,10100,10100,10100,10100,10100,10100,10100,10100,10100,10100,10100,10100,10100,10100,10100,10100,10100,10100,10100,10100,10100,10100,10100,10100,10100,10100,10100,10100,10100,10100,10100,10100,10100,10100,10100,10100,10100,10100,10100,10100,10100,10100,10100,10100,10100,10100,10100,10100,10100
10100,10100,10100,10100,10100,10100,10100,10100,10100,10100,10100,10100,10100,10100,10100,10100,10100,10100,10100,10100,10100,10100,10100,10100,10100,10100,10100,10100,10100,10100,10100,10100,10100,10100,10100,10100,10100,10100,10100,10100,10100,10100,10100,10100,10100,10100,10100,10100,10100,10100,10100,10100,10100,10100,10100,10100,10100,10100,10100,10100
10100,10100,10100,10100,10100,10100,10100,10100,10100,10100,10100,10100,10100,10100,10100,10100,10100,10100,10100,10100,10100,10100,10100,10100,10100,10100,10100,10100,10100,10100,10100,10100,10100,10100,10100,10100,10100,10100,10100,10100,10100,10100,10100,10100,10100,10100,10100,10100,10100,10100,10100,10100,10100,10100,10100,10100,10100,10100,10100,10100
10100,10100,10100,10100,10100,10100,10100,10100,10100,10100,10100,10100,10100,10100,10100,10100,10100,10100,10100,10100,10100,10100,10100,10100,10100,10100,10100,10100,10100,10100,10100,10100,10100,10100,10100,10100,10100,10100,10100,10100,10100,10100,10100,10100,10100,10100,10100,10100,10100,10100,10100,10100,10100,10100,10100,10100,10100,10100,10100,10100
10100,10100,10100,10100,10100,10100,10100,10100,10100,10100,10100,10100,10100,10100,10100,10100,10100,10100,10100,10100,10100,10100,10100,10100,10100,10100,10100,10100,10100,10100,10100,10100,10100,10100,10100,10100,10100,10100,10100,10100,10100,10100,10100,10100,10100,10100,10100,10100,10100,10100,10100,10100,10100,10100,10100,10100,10100,10100,10100,10100
10100,10100,10100,10100,10100,10100,10100,10100,10100,10100,10100,10100,10100,10100,10100,10100,10100,10100,10100,10100,10100,10100,10100,10100,10100,10100,10100,10100,10100,10100,10100,10100,10100,10100,10100,10100,10100,10100,10100,10100,10100,10100,10100,10100,10100,10100,10100,10100,10100,10100,10100,10100,10100,10100,10100,10100,10100,10100,10100,10100
10100,10100,10100,10100,10100,10100,10100,10100,10100,10100,10100,10100,10100,10100,10100,10100,10100,10100,10100,10100,10100,10100,10100,10100,10100,10100,10100,10100,10100,10100,10100,10100,10100,10100,10100,10100,10100,10100,10100,10100,10100,10100,10100,10100,10100,10100,10100,10100,10100,10100,10100,10100,10100,10100,10100,10100,10100,10100,10100,10100
10100,10100,10100,10100,10100,10100,10100,10100,10100,10100,10100,10100,10100,10100,10100,10100,10100,10100,10100,10100,10100,10100,10100,10100,10100,10100,10100,10100,10100,10100,10100,10100,10100,10100,10100,10100,10100,10100,10100,10100,10100,10100,10100,10100,10100,10100,10100,10100,10100,10100,10100,10100,10100,10100,10100,10100,10100,10100,10100,10100
10100,10100,10100,10100,10100,10100,10100,10100,10100,10100,10100,10100,10100,10100,10100,10100,10100,10100,10100,10100,10100,10100,10100,10100,10100,10100,10100,10100,10100,10100,10100,10100,10100,10100,10100,10100,10100,10100,10100,10100,10100,10100,10100,10100,10100,10100,10100,10100,10100,10100,10100,10100,10100,10100,10100,10100,10100,10100,10100,10100
10100,10100,10100,10100,10100,10100,10100,10100,10100,10100,10100,10100,10100,10100,10100,10100,10100,10100,10100,10100,10100,10100,10100,10100,10100,10100,10100,10100,10100,10100,10100,10100,10100,10100,10100,10100,10100,10100,10100,10100,10100,10100,10100,10100,10100,10100,10100,10100,10100,10100,10100,10100,10100,10100,10100,10100,10100,10100,10100,10100
10100,10100,10100,10100,10100,10100,10100,10100,10100,10100,10100,10100,10100,10100,10100,10100,10100,10100,10100,10100,10100,10100,10100,10100,10100,10100,10100,10100,10100,10100,10100,10100,10100,10100,10100,10100,10100,10100,10100,10100,10100,10100,10100,10100,10100,10100,10100,10100,10100,10100,10100,10100,10100,10100,10100,10100,10100,10100,10100,10100
10100,10100,10100,10100,10100,10100,10100,10100,10100,10100,10100,10100,10100,10100,10100,10100,10100,10100,10100,10100,10100,10100,10100,10100,10100,10100,10100,10100,10100,10100,10100,10100,10100,10100,10100,10100,10100,10100,10100,10100,10100,10100,10100,10100,10100,10100,10100,10100,10100,10100,10100,10100,10100,10100,10100,10100,10100,10100,10100,10100
10100,10100,10100,10100,10100,10100,10100,10100,10100,10100,10100,10100,10100,10100,10100,10100,10100,10100,10100,10100,10100,10100,10100,10100,10100,10100,10100,10100,10100,10100,10100,10100,10100,10100,10100,10100,10100,10100,10100,10100,10100,10100,10100,10100,10100,10100,10100,10100,10100,10100,10100,10100,10100,10100,10100,10100,10100,10100,10100,10100
PS_Config_Lmt_Open_Rawdata_P:,,,,,,,,,,,,,,,,,,,,,,,,,,,,,,,,,,,,,,,,,,,,,,,,,,,,,,,,,,,
3709,3725,3723,3688,3697,3661,3671,3651,3612,3637,3710,3668,3689,3664,3620,3731,3741,3720,3784,3798,3776,3837,3847,3819,3871,3893,3868,3884,3912,3914,3900,3920,3920,3885,3903,3861,3872,3857,3809,3832,3809,3760,3777,3756,3711,3784,3776,3774,3835,3825,3721,3776,3767,3760,3815,3821,3822,3846,3856,3878
3662,3713,3693,3669,3681,3630,3648,3633,3580,3613,3690,3633,3664,3646,3585,3718,3717,3704,3770,3772,3759,3826,3825,3804,3863,3874,3854,3879,3895,3902,3885,3905,3899,3868,3882,3837,3853,3835,3784,3808,3784,3734,3755,3734,3688,3760,3772,3755,3811,3822,3702,3753,3769,3741,3794,3823,3804,3829,3861,3825
3637,3688,3732,3699,3676,3688,3674,3626,3634,3641,3683,3689,3695,3639,3646,3724,3717,3717,3791,3788,3794,3847,3843,3837,3884,3896,3892,3903,3919,3940,3907,3895,3916,3913,3898,3877,3892,3844,3818,3849,3794,3766,3793,3745,3723,3763,3760,3769,3832,3826,3732,3776,3773,3773,3815,3830,3842,3851,3870,3858
3697,3718,3718,3707,3721,3686,3685,3671,3633,3651,3730,3688,3704,3685,3641,3721,3745,3720,3801,3830,3807,3858,3884,3851,3898,3937,3903,3913,3956,3951,3900,3909,3920,3914,3919,3892,3899,3867,3836,3854,3816,3783,3800,3769,3739,3769,3783,3765,3849,3864,3742,3790,3808,3783,3833,3870,3846,3867,3905,3865
3702,3728,3742,3714,3700,3676,3685,3655,3626,3658,3714,3682,3716,3671,3646,3777,3748,3753,3825,3801,3804,3881,3854,3857,3920,3903,3907,3935,3931,3954,3937,3933,3940,3921,3910,3879,3898,3865,3825,3861,3814,3772,3808,3765,3735,3812,3805,3790,3861,3854,3727,3804,3797,3774,3843,3851,3839,3878,3896,3853
3730,3763,3765,3745,3732,3697,3716,3686,3647,3688,3745,3703,3745,3702,3665,3781,3781,3765,3832,3837,3812,3886,3891,3868,3924,3938,3917,3942,3968,3965,3952,3963,3962,3938,3940,3899,3914,3895,3843,3877,3843,3791,3823,3793,3752,3826,3816,3808,3877,3864,3742,3815,3807,3791,3854,3860,3854,3891,3905,3870
3742,3760,3801,3704,3678,3683,3724,3679,3679,3695,3742,3738,3752,3695,3703,3798,3804,3797,3794,3804,3788,3902,3913,3895,3937,3962,3951,3956,3993,3997,3965,3962,3986,3893,3885,3871,3921,3891,3865,3882,3840,3814,3829,3788,3777,3853,3846,3843,3849,3840,3725,3843,3837,3823,3881,3892,3893,3919,3941,3907
3772,3781,3788,3786,3752,3725,3756,3703,3669,3728,3765,3731,3786,3720,3692,3830,3790,3783,3877,3842,3829,3933,3898,3882,3968,3947,3934,3984,3977,3980,4015,4001,4003,3997,3977,3941,3975,3928,3881,3935,3877,3829,3878,3825,3791,3858,3832,3822,3909,3881,3756,3849,3823,3804,3886,3878,3870,3926,3924,3882
3749,3783,3780,3766,3751,3717,3731,3706,3662,3707,3767,3723,3765,3725,3683,3811,3795,3783,3854,3849,3832,3910,3902,3884,3945,3952,3937,3965,3979,3980,3977,3975,3984,3961,3951,3924,3931,3907,3864,3896,3854,3809,3842,3807,3770,3864,3837,3826,3912,3885,3762,3847,3826,3808,3885,3881,3874,3921,3926,3885
3749,3809,3802,3770,3776,3737,3685,3681,3632,3713,3793,3741,3770,3748,3700,3816,3815,3814,3858,3868,3863,3860,3868,3861,3951,3973,3968,3970,4001,4014,3996,4008,4008,3982,3984,3945,3899,3886,3833,3920,3886,3832,3864,3837,3793,3864,3871,3853,3912,3919,3786,3795,3805,3781,3884,3913,3898,3921,3961,3910
3779,3840,3814,3797,3808,3746,3765,3762,3692,3738,3823,3752,3798,3776,3711,3871,3816,3815,3916,3871,3865,3972,3926,3920,4010,3972,3973,4029,4005,4018,4024,4025,4026,4007,4004,3962,3979,3955,3905,3941,3903,3851,3885,3850,3811,3912,3861,3861,3961,3912,3794,3895,3850,3844,3934,3902,3910,3976,3951,3923
3833,3816,3836,3804,3784,3773,3773,3741,3717,3745,3804,3777,3804,3756,3738,3842,3830,3818,3889,3884,3867,3945,3938,3919,3979,3986,3970,4000,4018,4015,4019,4017,4026,4003,3993,3966,3977,3948,3906,3941,3893,3853,3885,3842,3814,3885,3864,3854,3935,3913,3786,3871,3853,3836,3907,3907,3899,3948,3955,3959
3923,3916,3907,3889,3891,3850,3867,3849,3793,3795,3861,3815,3910,3872,3825,3963,3924,3907,4008,3975,3963,4066,4029,4014,4038,4026,4014,4109,4101,4105,4134,4123,4123,4115,4106,4068,4098,4063,4005,4014,3956,3907,4014,3963,3919,3997,3970,3969,4043,4017,3902,3976,3951,3949,3955,3952,3965,4045,4043,4068
3928,3937,3962,3900,3909,3902,3878,3867,3846,3861,3937,3921,3924,3893,3875,3982,3954,3952,4025,4003,4008,4081,4057,4059,4109,4109,4112,4124,4129,4151,4127,4147,4179,4110,4127,4123,4094,4085,4063,4066,4033,4018,4010,3983,3973,4017,4003,4000,4064,4047,3934,3993,3982,3983,4026,4038,4047,4063,4077,4101
3941,3949,3951,3907,3921,3886,3884,3878,3835,3863,3945,3912,3928,3902,3863,3990,3949,3940,4032,4004,3997,4087,4056,4049,4119,4108,4102,4137,4130,4145,4151,4164,4162,4130,4144,4103,4110,4101,4046,4080,4047,4003,4025,3998,3955,4033,4008,3986,4078,4057,3920,4007,3987,3968,4046,4045,4033,4084,4085,4092
3979,3958,3977,3945,3928,3914,3923,3888,3860,3900,3959,3935,3914,3858,3832,3998,3986,3972,4045,4040,4031,4099,4094,4082,4131,4144,4133,4094,4110,4124,4183,4162,4183,4161,4141,4129,4147,4101,4070,4115,4049,4025,4004,3944,3921,4042,4042,4011,4089,4092,3944,4017,4021,3991,4053,4078,4054,4038,4063,4057
3955,3952,3966,3921,3924,3906,3902,3885,3851,3879,3958,3927,3947,3910,3879,3976,3959,3979,4022,4014,4033,4075,4068,4087,4103,4116,4140,4123,4137,4178,4157,4157,4185,4136,4140,4131,4122,4101,4071,4089,4047,4024,4033,3996,3977,4019,4007,4026,4068,4056,3958,3996,3989,4005,4026,4043,4074,4064,4081,4126
3969,3979,3976,3938,3949,3916,3916,3910,3861,3896,3982,3937,3962,3935,3891,3994,3989,3954,4039,4042,4007,4094,4096,4059,4122,4147,4113,4138,4166,4152,4159,4176,4180,4140,4158,4127,4124,4117,4068,4095,4067,4019,4038,4014,3975,4031,4028,4007,4077,4075,3938,4005,4007,3984,4038,4063,4052,4077,4098,4105
3991,3969,3991,3962,3940,3933,3937,3896,3877,3919,3969,3954,3984,3924,3909,4024,4010,3996,4064,4061,4053,4119,4116,4103,4150,4168,4158,4173,4189,4200,4196,4187,4201,4179,4168,4147,4158,4124,4087,4130,4071,4042,4073,4022,3996,4073,4059,4033,4116,4108,3968,4043,4036,4014,4077,4095,4082,4119,4134,4138
3975,4005,3989,3942,3976,3930,3916,3937,3874,3899,4008,3948,3963,3965,3902,3996,3986,3989,4039,4036,4049,4094,4089,4101,4126,4140,4151,4143,4159,4192,4171,4208,4199,4147,4187,4145,4126,4148,4087,4099,4095,4038,4042,4042,3989,4047,4042,4025,4092,4089,3956,4019,4019,4003,4054,4077,4067,4094,4115,4123
3979,3973,3970,3941,3910,3900,3896,3858,3844,3853,3931,3914,3920,3886,3872,4003,3966,3990,4056,4019,4045,4105,4074,4096,4162,4131,4154,4186,4169,4214,4180,4186,4183,4157,4130,4117,4117,4077,4057,4061,4025,4003,4005,3976,3965,4047,4005,4033,4101,4054,3963,4025,3989,4012,4084,4054,4081,4127,4105,4147
4004,3989,3958,3965,3926,3889,3921,3874,3836,3878,3947,3907,3945,3902,3864,3996,3993,4004,4047,4047,4059,4098,4101,4110,4155,4158,4166,4182,4199,4217,4187,4197,4183,4165,4140,4117,4124,4085,4060,4071,4033,4008,4015,3984,3968,4063,4035,4045,4113,4085,3973,4038,4017,4021,4099,4078,4091,4141,4133,4152
4007,3980,4003,3969,3917,3931,3920,3863,3877,3877,3934,3947,3944,3888,3906,4046,4007,4007,4099,4060,4064,4150,4115,4116,4210,4179,4176,4238,4220,4234,4206,4196,4207,4182,4140,4140,4138,4082,4081,4084,4029,4025,4026,3980,3989,4082,4040,4050,4134,4089,3982,4057,4019,4026,4120,4087,4096,4165,4143,4159
4011,3997,3972,3969,3933,3902,3924,3879,3849,3884,3951,3920,3951,3907,3874,4019,3989,3980,4070,4042,4038,4122,4096,4088,4180,4155,4141,4207,4197,4200,4218,4214,4203,4190,4159,4136,4151,4102,4077,4096,4049,4019,4040,4001,3980,4060,4031,4028,4109,4081,3961,4032,4011,4008,4095,4074,4074,4137,4131,4143
3987,3972,3966,3948,3909,3898,3907,3857,3844,3863,3930,3916,3933,3882,3868,4011,3991,3983,4061,4046,4039,4113,4101,4092,4171,4161,4148,4196,4199,4203,4189,4193,4186,4164,4140,4120,4124,4085,4060,4070,4029,4007,4015,3979,3965,4053,4032,4025,4102,4085,3958,4025,4014,4008,4084,4078,4078,4126,4131,4141
4010,4001,3972,3968,3938,3900,3927,3885,3847,3884,3956,3919,3952,3910,3870,4024,3994,4008,4074,4049,4066,4124,4103,4122,4180,4161,4178,4207,4200,4231,4200,4215,4192,4176,4161,4126,4138,4106,4066,4084,4052,4011,4026,3998,3970,4057,4042,4053,4108,4094,3983,4032,4024,4031,4089,4087,4098,4133,4143,4159
4026,3982,3991,3986,3920,3920,3942,3864,3864,3899,3938,3937,3966,3891,3891,4021,3987,3990,4074,4040,4046,4124,4095,4101,4182,4158,4158,4213,4196,4215,4232,4204,4211,4206,4150,4144,4165,4092,4084,4109,4038,4031,4047,3984,3989,4056,4036,4032,4108,4087,3961,4031,4017,4010,4089,4084,4078,4134,4137,4147
4012,3996,3979,3969,3937,3910,3928,3878,3856,3885,3951,3926,3951,3903,3877,4010,3986,3998,4063,4039,4056,4115,4096,4110,4172,4157,4165,4201,4196,4225,4211,4213,4203,4183,4159,4140,4144,4101,4078,4089,4042,4022,4032,3991,3980,4053,4033,4045,4105,4084,3973,4028,4014,4021,4087,4080,4089,4131,4131,4161
3975,3991,3966,3935,3933,3892,3893,3877,3839,3850,3947,3909,3927,3899,3857,3990,3983,3991,4033,4036,4050,4094,4094,4105,4151,4158,4161,4179,4194,4217,4178,4194,4175,4154,4144,4109,4115,4085,4050,4059,4026,3991,4011,3975,3948,4035,4019,4031,4077,4071,3962,4005,4001,4011,4066,4070,4080,4110,4120,4145
3986,4005,3975,3947,3948,3902,3903,3891,3849,3860,3963,3917,3937,3914,3867,4004,3990,3979,4047,4046,4039,4106,4103,4094,4164,4166,4145,4194,4206,4203,4189,4206,4182,4161,4155,4116,4122,4096,4057,4064,4042,4000,4017,3991,3958,4029,4031,4015,4073,4082,3945,4003,4012,3997,4063,4078,4063,4110,4131,4127
3994,3976,3972,3952,3919,3899,3909,3856,3842,3864,3928,3914,3940,3879,3864,3991,3980,3991,4038,4038,4049,4095,4095,4108,4150,4155,4165,4182,4196,4224,4194,4199,4171,4168,4148,4103,4129,4088,4043,4074,4032,3987,4022,3977,3945,4033,4024,4036,4078,4077,3965,4008,4007,4017,4066,4073,4085,4113,4127,4152
3994,3986,3959,3949,3931,3889,3910,3872,3832,3863,3945,3905,3937,3895,3850,4012,3962,4004,4060,4018,4063,4120,4077,4120,4176,4137,4173,4208,4178,4235,4197,4199,4178,4168,4151,4113,4133,4089,4052,4075,4033,3996,4021,3980,3952,4053,4017,4033,4101,4068,3962,4026,3998,4014,4085,4063,4080,4131,4117,4152
3958,3965,3937,3920,3912,3867,3878,3851,3809,3835,3924,3881,3906,3875,3830,3965,3954,3977,4010,4008,4038,4067,4066,4089,4122,4130,4147,4151,4166,4206,4164,4182,4147,4136,4136,4084,4098,4074,4022,4043,4017,3966,3991,3966,3921,4017,4000,4011,4061,4050,3944,3991,3982,3994,4049,4050,4064,4095,4102,4130
3966,3969,3935,3927,3916,3865,3886,3857,3809,3842,3928,3879,3916,3881,3828,3972,3958,3927,4015,4012,3986,4074,4070,4036,4127,4133,4092,4159,4172,4148,4175,4182,4148,4144,4136,4084,4109,4074,4022,4053,4017,3966,4000,3963,3921,4011,3994,3970,4057,4046,3903,3987,3976,3952,4043,4043,4021,4092,4096,4089
3969,3962,3937,3928,3907,3863,3885,3847,3807,3839,3919,3875,3914,3870,3821,3986,3924,3977,4032,3982,4035,4091,4038,4092,4147,4101,4150,4179,4138,4211,4165,4182,4151,4137,4133,4082,4099,4071,4022,4043,4014,3968,3990,3961,3917,4046,3961,4017,4092,4015,3948,4019,3945,3998,4074,4014,4067,4124,4066,4138
3966,3923,3948,3924,3871,3875,3886,3809,3818,3842,3881,3888,3914,3830,3835,3951,3923,3917,3994,3979,3975,4053,4036,4031,4109,4098,4082,4143,4134,4145,4176,4141,4161,4143,4095,4095,4108,4032,4033,4050,3975,3976,3997,3920,3926,4001,3972,3965,4047,4026,3898,3976,3954,3951,4032,4018,4015,4081,4073,4085
3935,3933,3912,3895,3891,3842,3856,3830,3784,3815,3903,3856,3882,3853,3804,3921,3921,3912,3976,3977,3969,4035,4036,4021,4085,4096,4081,4117,4131,4138,4130,4134,4112,4099,4099,4049,4066,4040,3984,4014,3984,3928,3955,3931,3881,3959,3962,3961,4012,4017,3891,3944,3947,3938,3994,4010,4010,4040,4060,4078
3832,3937,3919,3892,3893,3849,3854,3832,3790,3814,3905,3863,3881,3854,3812,3910,3917,3888,3965,3973,3947,4025,4031,3997,4075,4089,4057,4108,4123,4113,4123,4140,4144,4092,4103,4081,4061,4042,4017,4008,3986,3962,3951,3933,3913,3956,3958,3940,4010,4010,3871,3940,3941,3916,3990,4004,3986,4038,4054,3947
3738,3921,3906,3900,3875,3833,3860,3816,3777,3821,3888,3847,3888,3840,3797,3926,3896,3927,3979,3951,3986,4038,4007,4036,4091,4070,4098,4126,4106,4158,4143,4124,4122,4113,4087,4053,4075,4026,3993,4026,3973,3937,3970,3920,3889,3968,3933,3972,4019,3984,3905,3949,3914,3951,4001,3982,4024,4054,4032,3877
3738,3942,3948,3920,3900,3875,3885,3842,3821,3844,3917,3893,3917,3877,3851,3956,3948,3942,4000,3996,3994,4053,4049,4043,4105,4112,4101,4140,4150,4168,4166,4155,4159,4131,4119,4091,4098,4059,4029,4047,4005,3976,3994,3959,3935,4000,3977,3979,4043,4024,3906,3968,3951,3949,4019,4012,4017,4070,4064,3867
PS_Config_Lmt_Open_Rawdata_N:,,,,,,,,,,,,,,,,,,,,,,,,,,,,,,,,,,,,,,,,,,,,,,,,,,,,,,,,,,,
1589,1597,1595,1580,1585,1569,1573,1565,1548,1559,1590,1572,1581,1570,1552,1599,1603,1594,1622,1628,1618,1645,1649,1637,1659,1669,1658,1664,1676,1678,1672,1680,1680,1665,1673,1655,1660,1653,1633,1642,1633,1612,1619,1610,1591,1622,1618,1618,1643,1639,1595,1618,1615,1612,1635,1637,1638,1648,1652,1662
1570,1591,1583,1573,1577,1556,1564,1557,1534,1549,1582,1557,1570,1562,1537,1594,1593,1588,1616,1616,1611,1640,1639,1630,1655,1660,1652,1663,1669,1672,1665,1673,1671,1658,1664,1645,1651,1643,1622,1632,1622,1600,1609,1600,1580,1612,1616,1609,1633,1638,1586,1609,1615,1603,1626,1639,1630,1641,1655,1639
1559,1580,1600,1585,1576,1580,1574,1554,1558,1561,1579,1581,1583,1559,1562,1596,1593,1593,1625,1624,1626,1649,1647,1645,1664,1670,1668,1673,1679,1688,1675,1669,1678,1677,1670,1661,1668,1648,1636,1649,1626,1614,1625,1605,1595,1613,1612,1615,1642,1640,1600,1618,1617,1617,1635,1642,1646,1651,1658,1654
1585,1594,1594,1589,1595,1580,1579,1573,1557,1565,1598,1580,1588,1579,1561,1595,1605,1594,1629,1642,1631,1654,1664,1651,1670,1687,1673,1677,1696,1693,1672,1675,1680,1678,1679,1668,1671,1657,1644,1652,1636,1621,1628,1615,1603,1615,1621,1613,1649,1656,1604,1624,1632,1621,1643,1658,1648,1657,1673,1657
1586,1598,1604,1592,1586,1576,1579,1567,1554,1568,1592,1578,1592,1573,1562,1619,1606,1609,1639,1629,1630,1663,1652,1653,1680,1673,1675,1687,1685,1694,1687,1685,1688,1681,1676,1663,1670,1657,1639,1655,1634,1616,1632,1613,1601,1634,1631,1624,1655,1652,1597,1630,1627,1618,1647,1651,1645,1662,1670,1651
1598,1613,1613,1605,1600,1585,1592,1580,1563,1580,1605,1587,1605,1586,1571,1621,1621,1613,1642,1645,1634,1666,1667,1658,1682,1688,1679,1690,1700,1699,1694,1699,1698,1688,1688,1671,1678,1669,1647,1661,1647,1625,1639,1625,1608,1640,1636,1632,1661,1656,1604,1635,1631,1625,1652,1654,1652,1667,1673,1658
1604,1612,1629,1588,1576,1579,1596,1577,1577,1583,1604,1602,1608,1583,1587,1628,1630,1627,1626,1630,1624,1672,1677,1669,1687,1698,1693,1696,1711,1713,1699,1698,1708,1669,1665,1659,1681,1667,1657,1664,1646,1634,1641,1624,1619,1651,1648,1647,1649,1646,1597,1647,1645,1639,1663,1668,1669,1679,1689,1675
1616,1621,1624,1622,1608,1597,1610,1587,1573,1598,1613,1599,1622,1594,1582,1642,1624,1621,1661,1646,1641,1685,1670,1664,1700,1691,1686,1708,1705,1706,1721,1715,1715,1713,1705,1689,1703,1684,1663,1687,1661,1641,1662,1639,1625,1654,1642,1638,1675,1663,1610,1649,1639,1630,1666,1662,1658,1682,1682,1664
1607,1621,1620,1614,1607,1593,1599,1588,1570,1589,1615,1595,1613,1597,1579,1633,1627,1621,1652,1649,1642,1676,1672,1664,1691,1694,1687,1699,1705,1706,1705,1703,1708,1697,1693,1682,1685,1675,1656,1670,1652,1633,1646,1631,1616,1656,1645,1640,1676,1665,1612,1649,1640,1632,1665,1663,1660,1681,1682,1665
1607,1633,1630,1616,1618,1601,1579,1577,1556,1591,1625,1603,1616,1606,1586,1636,1635,1634,1654,1658,1655,1654,1658,1655,1693,1703,1700,1702,1715,1720,1712,1718,1718,1706,1708,1691,1671,1666,1643,1680,1666,1642,1656,1645,1625,1656,1659,1651,1676,1679,1622,1627,1631,1621,1664,1677,1670,1681,1697,1676
1619,1646,1634,1627,1632,1606,1613,1612,1582,1602,1639,1608,1628,1618,1591,1659,1636,1635,1678,1659,1657,1702,1682,1680,1718,1702,1703,1727,1717,1722,1724,1725,1726,1717,1716,1698,1705,1695,1673,1689,1673,1651,1665,1650,1633,1676,1655,1655,1697,1676,1626,1669,1650,1648,1686,1672,1676,1704,1693,1681
1643,1636,1644,1630,1622,1617,1617,1603,1593,1605,1630,1619,1630,1610,1602,1646,1642,1636,1667,1664,1657,1691,1688,1679,1705,1708,1702,1714,1722,1721,1723,1721,1726,1715,1711,1700,1705,1692,1674,1689,1669,1651,1665,1646,1634,1665,1656,1652,1687,1677,1622,1659,1651,1644,1675,1675,1671,1692,1695,1697
1681,1678,1675,1667,1667,1650,1657,1649,1625,1627,1655,1635,1676,1660,1639,1699,1682,1675,1718,1703,1699,1742,1727,1720,1730,1726,1720,1761,1757,1759,1772,1767,1767,1763,1760,1744,1756,1741,1717,1720,1696,1675,1720,1699,1679,1713,1702,1701,1733,1721,1672,1704,1693,1693,1695,1694,1699,1733,1733,1744
1684,1687,1698,1672,1675,1672,1662,1657,1648,1655,1687,1681,1682,1669,1661,1706,1694,1694,1725,1715,1718,1749,1739,1739,1761,1761,1762,1768,1769,1779,1769,1777,1791,1762,1769,1767,1754,1751,1741,1742,1729,1722,1718,1707,1703,1721,1715,1714,1742,1735,1686,1711,1706,1707,1726,1730,1735,1741,1747,1757
1689,1693,1693,1675,1681,1666,1664,1662,1643,1655,1691,1676,1684,1672,1655,1710,1693,1688,1728,1716,1713,1751,1738,1735,1765,1760,1758,1773,1770,1777,1779,1784,1784,1770,1776,1759,1762,1757,1734,1748,1735,1715,1725,1714,1695,1729,1718,1708,1748,1739,1680,1717,1709,1700,1734,1733,1729,1750,1751,1754
1705,1696,1705,1691,1684,1678,1681,1666,1654,1672,1697,1687,1678,1654,1642,1714,1708,1702,1733,1732,1727,1757,1754,1750,1771,1776,1771,1754,1762,1768,1793,1784,1793,1783,1775,1769,1777,1757,1744,1763,1735,1725,1716,1690,1681,1732,1732,1719,1753,1754,1690,1721,1723,1711,1737,1748,1738,1730,1741,1739
1695,1694,1700,1681,1682,1674,1672,1665,1651,1663,1696,1683,1691,1676,1663,1704,1697,1705,1724,1720,1729,1747,1744,1751,1759,1764,1774,1767,1773,1790,1781,1781,1793,1772,1774,1771,1766,1757,1745,1753,1735,1724,1729,1712,1705,1723,1717,1726,1744,1738,1696,1712,1709,1717,1726,1733,1746,1742,1749,1768
1701,1705,1704,1688,1693,1678,1678,1676,1655,1670,1706,1687,1698,1687,1667,1712,1709,1694,1731,1732,1717,1754,1756,1739,1766,1777,1763,1774,1786,1780,1783,1790,1792,1774,1782,1769,1768,1765,1744,1755,1743,1723,1730,1720,1703,1727,1726,1717,1747,1747,1688,1717,1717,1708,1730,1741,1736,1747,1756,1759
1711,1701,1711,1698,1688,1685,1687,1670,1661,1679,1701,1694,1708,1682,1675,1724,1718,1712,1742,1741,1737,1765,1764,1759,1778,1786,1782,1789,1795,1800,1798,1795,1801,1791,1786,1777,1782,1768,1751,1770,1745,1732,1745,1724,1712,1745,1739,1729,1764,1760,1700,1733,1730,1720,1747,1755,1750,1765,1772,1774
1703,1717,1709,1690,1704,1684,1678,1687,1660,1671,1718,1692,1699,1699,1672,1712,1708,1709,1731,1730,1735,1754,1753,1757,1768,1774,1779,1775,1783,1796,1787,1804,1799,1777,1795,1777,1768,1778,1751,1757,1755,1730,1732,1732,1709,1735,1732,1725,1754,1753,1696,1723,1723,1715,1738,1747,1743,1754,1763,1767
1705,1703,1702,1689,1676,1672,1670,1654,1648,1651,1685,1678,1680,1666,1660,1715,1700,1710,1738,1723,1733,1759,1746,1756,1784,1771,1780,1794,1787,1806,1792,1794,1793,1781,1770,1765,1765,1747,1739,1741,1725,1715,1717,1704,1699,1735,1717,1729,1757,1738,1699,1725,1709,1720,1750,1738,1749,1769,1759,1777
1716,1709,1696,1699,1682,1667,1681,1660,1644,1662,1691,1675,1691,1672,1656,1712,1711,1716,1735,1735,1739,1756,1757,1762,1781,1782,1786,1792,1799,1807,1795,1799,1793,1785,1774,1765,1768,1751,1740,1745,1729,1718,1721,1708,1700,1741,1729,1733,1763,1751,1703,1730,1721,1723,1757,1748,1753,1775,1771,1780
1717,1706,1715,1701,1679,1685,1680,1655,1661,1661,1686,1691,1690,1666,1674,1734,1717,1717,1757,1740,1742,1778,1763,1764,1804,1791,1790,1816,1808,1814,1802,1798,1803,1792,1774,1774,1774,1750,1749,1750,1727,1725,1726,1706,1709,1750,1732,1736,1772,1753,1706,1739,1723,1726,1766,1751,1756,1785,1775,1783
1719,1713,1702,1701,1685,1672,1682,1663,1649,1664,1693,1680,1693,1675,1660,1723,1709,1706,1744,1732,1730,1766,1756,1752,1792,1781,1775,1803,1799,1800,1808,1806,1801,1796,1783,1772,1779,1758,1747,1756,1735,1723,1732,1715,1706,1740,1727,1726,1761,1749,1697,1728,1719,1718,1755,1746,1746,1773,1771,1775
1709,1702,1700,1692,1675,1670,1675,1653,1648,1655,1684,1678,1685,1664,1658,1719,1711,1707,1741,1734,1731,1763,1757,1754,1787,1783,1778,1798,1799,1801,1795,1797,1794,1784,1774,1766,1768,1751,1740,1744,1727,1717,1721,1705,1699,1737,1728,1725,1758,1751,1696,1725,1720,1718,1750,1748,1748,1768,1771,1775
1718,1715,1702,1700,1688,1672,1683,1665,1649,1664,1696,1679,1694,1676,1658,1724,1712,1718,1746,1735,1742,1768,1759,1766,1792,1783,1790,1803,1800,1813,1800,1807,1796,1790,1783,1768,1774,1760,1742,1750,1736,1719,1726,1714,1702,1739,1732,1737,1760,1754,1707,1728,1724,1727,1753,1751,1756,1771,1775,1783
1726,1706,1711,1708,1680,1680,1690,1656,1656,1671,1688,1687,1700,1667,1667,1723,1709,1710,1746,1732,1734,1768,1755,1757,1792,1782,1782,1805,1798,1807,1814,1802,1805,1802,1778,1776,1785,1754,1750,1761,1730,1727,1735,1708,1709,1738,1730,1728,1760,1751,1697,1727,1721,1718,1753,1750,1748,1772,1773,1777
1720,1712,1705,1701,1687,1676,1684,1662,1652,1665,1693,1682,1693,1673,1661,1718,1708,1714,1741,1731,1738,1763,1756,1762,1788,1781,1785,1801,1798,1811,1805,1805,1801,1793,1783,1774,1776,1757,1748,1753,1732,1724,1728,1711,1706,1737,1729,1733,1759,1750,1703,1726,1720,1723,1751,1748,1753,1771,1771,1783
1703,1711,1700,1687,1685,1668,1669,1661,1645,1650,1691,1675,1683,1671,1653,1710,1707,1711,1729,1730,1736,1754,1754,1759,1779,1782,1783,1791,1798,1807,1790,1798,1789,1780,1776,1761,1763,1751,1736,1739,1726,1711,1719,1703,1692,1729,1723,1727,1747,1745,1698,1717,1715,1719,1742,1744,1748,1762,1766,1777
1708,1717,1703,1691,1692,1672,1673,1667,1649,1654,1699,1679,1687,1678,1657,1716,1710,1705,1735,1734,1731,1760,1759,1754,1784,1786,1777,1798,1802,1801,1795,1802,1792,1783,1781,1764,1766,1756,1739,1742,1732,1714,1721,1711,1696,1727,1727,1721,1745,1750,1691,1715,1720,1713,1741,1748,1741,1762,1771,1769
1712,1704,1702,1694,1679,1671,1675,1652,1646,1656,1684,1678,1688,1663,1656,1711,1706,1711,1730,1730,1735,1755,1755,1760,1778,1781,1785,1792,1798,1810,1798,1799,1787,1786,1778,1759,1769,1752,1733,1746,1728,1709,1724,1705,1691,1729,1724,1730,1748,1747,1699,1718,1717,1721,1742,1745,1751,1763,1769,1780
1712,1708,1697,1693,1685,1667,1676,1660,1642,1655,1691,1673,1687,1669,1650,1720,1698,1716,1740,1722,1741,1766,1747,1766,1790,1773,1789,1804,1790,1815,1799,1799,1790,1786,1779,1763,1771,1753,1736,1747,1729,1712,1723,1706,1694,1737,1721,1729,1757,1744,1698,1726,1714,1720,1751,1741,1748,1771,1765,1780
1696,1699,1687,1680,1676,1657,1662,1651,1633,1643,1682,1663,1674,1661,1642,1699,1694,1705,1718,1718,1730,1743,1742,1753,1766,1770,1777,1779,1786,1802,1784,1792,1777,1772,1772,1750,1756,1746,1724,1733,1721,1700,1711,1700,1681,1721,1714,1719,1741,1736,1690,1711,1706,1712,1735,1736,1742,1755,1758,1770
1700,1701,1687,1683,1678,1657,1666,1653,1633,1646,1684,1663,1678,1663,1640,1702,1696,1683,1721,1720,1708,1746,1744,1730,1769,1771,1754,1783,1788,1778,1789,1792,1778,1776,1772,1750,1761,1746,1724,1737,1721,1700,1714,1699,1681,1719,1712,1702,1739,1734,1673,1709,1704,1694,1733,1733,1723,1754,1756,1753
1701,1698,1687,1684,1675,1655,1665,1649,1631,1645,1679,1661,1678,1658,1637,1708,1682,1705,1728,1706,1729,1753,1730,1754,1777,1757,1778,1791,1774,1805,1785,1792,1779,1773,1771,1750,1757,1745,1724,1733,1720,1700,1710,1697,1679,1734,1697,1721,1754,1721,1692,1723,1691,1714,1746,1720,1743,1768,1742,1774
1700,1681,1692,1682,1659,1661,1666,1633,1636,1646,1663,1666,1678,1642,1643,1693,1681,1679,1712,1705,1703,1737,1730,1727,1761,1756,1750,1775,1772,1777,1790,1775,1783,1775,1755,1755,1760,1728,1729,1736,1703,1704,1713,1680,1682,1715,1702,1699,1735,1726,1670,1704,1694,1693,1728,1722,1721,1749,1745,1751
1687,1685,1676,1669,1667,1646,1652,1642,1622,1635,1673,1652,1664,1651,1630,1681,1681,1676,1704,1705,1701,1729,1730,1723,1751,1756,1749,1765,1771,1774,1770,1772,1762,1757,1757,1735,1742,1732,1708,1720,1708,1684,1695,1685,1663,1697,1698,1697,1720,1721,1667,1690,1691,1688,1712,1718,1718,1732,1740,1748
1642,1687,1679,1668,1669,1649,1652,1642,1624,1634,1673,1655,1663,1652,1634,1676,1679,1666,1699,1703,1691,1725,1727,1713,1747,1753,1739,1760,1767,1763,1767,1774,1776,1754,1759,1749,1741,1732,1721,1718,1708,1698,1693,1685,1677,1696,1696,1688,1718,1718,1659,1688,1689,1678,1710,1716,1708,1730,1738,1691
1602,1681,1674,1672,1661,1643,1654,1636,1619,1637,1666,1649,1666,1646,1627,1682,1670,1683,1705,1693,1708,1730,1717,1730,1753,1744,1756,1768,1760,1782,1775,1768,1766,1763,1751,1737,1747,1726,1711,1726,1703,1687,1702,1680,1667,1700,1685,1702,1723,1708,1673,1693,1678,1693,1715,1706,1724,1738,1728,1661
1602,1690,1692,1680,1672,1661,1665,1646,1637,1648,1679,1669,1679,1661,1651,1696,1692,1690,1714,1712,1712,1737,1735,1733,1759,1762,1757,1774,1778,1786,1786,1781,1783,1771,1765,1753,1756,1739,1727,1735,1717,1704,1712,1697,1687,1714,1705,1705,1733,1724,1674,1700,1693,1693,1723,1720,1721,1744,1742,1657
PS_Config_Lmt_FW_Rawdata_P:,,,,,,,,,,,,,,,,,,,,,,,,,,,,,,,,,,,,,,,,,,,,,,,,,,,,,,,,,,,
2803,2800,2803,2807,2804,2801,2807,2808,2803,2804,2807,2801,2804,2804,2803,2803,2808,2803,2804,2803,2804,2804,2799,2803,2804,2807,2800,2801,2807,2806,2804,2804,2803,2808,2804,2804,2807,2803,2804,2804,2804,2807,2806,2806,2808,2807,2803,2804,2807,2801,2803,2808,2801,2804,2810,2807,2804,2808,2806,2808
2806,2799,2807,2804,2801,2804,2804,2804,2804,2804,2806,2806,2804,2810,2803,2801,2804,2804,2804,2808,2804,2799,2807,2804,2797,2803,2803,2810,2807,2801,2804,2803,2800,2807,2804,2810,2808,2806,2808,2806,2804,2807,2807,2806,2806,2806,2804,2808,2807,2803,2806,2803,2801,2806,2804,2806,2806,2804,2806,2806
2804,2804,2806,2804,2807,2806,2806,2804,2803,2806,2806,2804,2806,2804,2804,2806,2804,2806,2803,2806,2804,2807,2808,2806,2807,2806,2801,2803,2806,2801,2801,2804,2807,2803,2806,2804,2806,2804,2807,2804,2806,2806,2806,2806,2806,2799,2806,2804,2801,2800,2804,2800,2803,2806,2799,2801,2803,2804,2806,2804
2804,2803,2807,2806,2800,2806,2804,2808,2804,2806,2807,2803,2804,2807,2801,2803,2804,2807,2801,2801,2808,2804,2803,2806,2801,2803,2806,2803,2804,2801,2807,2803,2806,2804,2804,2804,2804,2804,2806,2806,2804,2803,2807,2804,2804,2806,2806,2804,2806,2806,2804,2804,2808,2804,2804,2806,2804,2804,2806,2806
2804,2807,2804,2806,2808,2803,2804,2804,2804,2807,2803,2803,2810,2804,2804,2810,2801,2807,2810,2804,2807,2806,2806,2807,2807,2806,2806,2804,2807,2804,2803,2806,2800,2804,2803,2799,2804,2804,2807,2806,2807,2806,2804,2806,2807,2804,2803,2807,2804,2808,2804,2803,2810,2804,2803,2800,2803,2804,2803,2807
2804,2806,2801,2806,2806,2808,2804,2804,2810,2803,2804,2808,2804,2804,2808,2804,2807,2801,2804,2806,2803,2808,2806,2803,2806,2806,2803,2801,2803,2808,2803,2808,2803,2801,2803,2806,2803,2808,2806,2806,2807,2803,2808,2806,2806,2806,2804,2804,2803,2807,2803,2804,2806,2804,2803,2804,2806,2804,2804,2804
2803,2803,2803,2804,2803,2804,2804,2801,2806,2806,2801,2806,2804,2803,2806,2808,2806,2806,2807,2806,2804,2807,2806,2803,2801,2806,2803,2801,2807,2806,2807,2803,2803,2807,2807,2806,2804,2807,2803,2806,2808,2800,2806,2807,2801,2804,2806,2800,2804,2807,2800,2803,2806,2801,2806,2803,2807,2807,2803,2804
2803,2804,2803,2804,2807,2804,2806,2806,2806,2804,2804,2806,2807,2804,2804,2803,2801,2807,2803,2801,2806,2803,2804,2804,2806,2804,2806,2804,2806,2803,2800,2804,2803,2806,2808,2806,2804,2804,2804,2804,2803,2799,2804,2806,2804,2803,2808,2804,2804,2807,2801,2803,2806,2804,2806,2808,2801,2804,2804,2807
2807,2803,2807,2800,2804,2810,2801,2804,2808,2803,2806,2808,2803,2804,2810,2807,2806,2804,2808,2806,2803,2807,2808,2803,2803,2803,2806,2804,2804,2804,2803,2803,2806,2804,2804,2804,2804,2804,2806,2806,2806,2803,2807,2806,2808,2804,2804,2803,2806,2803,2803,2804,2804,2804,2807,2803,2803,2804,2806,2806
2806,2806,2801,2806,2803,2807,2806,2807,2807,2801,2807,2807,2804,2806,2808,2804,2804,2804,2800,2804,2804,2803,2803,2804,2807,2806,2807,2807,2803,2804,2806,2804,2807,2801,2807,2804,2803,2806,2807,2803,2804,2806,2803,2806,2806,2806,2806,2803,2806,2806,2806,2806,2807,2801,2804,2806,2810,2803,2806,2801
2803,2806,2804,2804,2806,2803,2804,2804,2803,2803,2803,2803,2803,2804,2803,2801,2803,2806,2807,2801,2803,2807,2804,2804,2806,2808,2803,2806,2803,2803,2806,2801,2806,2804,2801,2806,2808,2807,2806,2804,2807,2806,2803,2808,2808,2808,2806,2801,2803,2804,2803,2803,2806,2803,2803,2801,2806,2803,2804,2807
2803,2804,2807,2806,2804,2803,2801,2803,2804,2801,2801,2800,2804,2803,2803,2806,2807,2803,2806,2806,2801,2803,2808,2801,2803,2803,2803,2803,2807,2808,2804,2806,2807,2803,2804,2801,2803,2803,2807,2803,2801,2810,2807,2801,2807,2804,2803,2806,2804,2803,2803,2804,2803,2804,2806,2806,2801,2807,2807,2803
2804,2804,2806,2804,2806,2808,2804,2804,2808,2804,2804,2806,2803,2804,2806,2804,2804,2806,2804,2803,2804,2803,2801,2806,2807,2804,2806,2807,2804,2806,2807,2807,2806,2806,2801,2806,2806,2803,2804,2801,2804,2803,2806,2804,2804,2803,2804,2803,2806,2803,2806,2807,2806,2803,2804,2803,2803,2807,2806,2807
2804,2804,2807,2803,2806,2803,2806,2801,2806,2806,2801,2804,2807,2803,2803,2804,2807,2803,2804,2807,2803,2806,2807,2803,2804,2807,2806,2804,2806,2808,2803,2807,2804,2807,2806,2800,2806,2807,2804,2804,2807,2804,2803,2806,2804,2803,2807,2804,2804,2806,2804,2806,2807,2806,2803,2807,2803,2806,2806,2803
2804,2801,2803,2803,2806,2803,2804,2803,2801,2803,2804,2804,2804,2803,2807,2807,2804,2807,2803,2804,2807,2806,2806,2806,2808,2806,2803,2806,2807,2807,2799,2803,2806,2807,2806,2806,2811,2804,2806,2808,2803,2804,2801,2806,2807,2804,2804,2803,2806,2801,2803,2806,2803,2806,2801,2804,2807,2803,2807,2800
2806,2803,2806,2806,2804,2807,2804,2803,2806,2803,2804,2806,2803,2804,2806,2807,2801,2807,2806,2800,2807,2806,2801,2799,2806,2801,2804,2804,2801,2803,2803,2804,2801,2804,2806,2801,2804,2806,2801,2803,2806,2801,2801,2807,2803,2803,2807,2804,2804,2804,2801,2803,2807,2803,2804,2806,2806,2804,2804,2807
2808,2804,2807,2800,2801,2804,2800,2807,2803,2800,2806,2804,2801,2806,2804,2807,2806,2807,2803,2806,2806,2806,2804,2806,2806,2806,2807,2801,2803,2801,2807,2807,2806,2806,2803,2803,2808,2803,2807,2803,2803,2807,2801,2803,2803,2806,2803,2803,2806,2804,2804,2806,2806,2804,2806,2803,2804,2804,2804,2804
2806,2806,2806,2807,2807,2808,2801,2804,2806,2801,2807,2808,2801,2804,2804,2804,2801,2807,2808,2800,2806,2807,2803,2803,2804,2804,2806,2804,2806,2804,2808,2804,2801,2808,2806,2803,2804,2807,2804,2803,2804,2806,2806,2806,2806,2803,2806,2803,2807,2806,2803,2806,2808,2806,2803,2807,2804,2807,2808,2804
2807,2804,2803,2803,2803,2804,2806,2808,2808,2804,2806,2804,2804,2804,2807,2807,2803,2810,2803,2804,2804,2806,2806,2804,2806,2803,2804,2804,2806,2804,2806,2806,2803,2806,2804,2803,2808,2808,2808,2804,2807,2806,2804,2807,2806,2808,2804,2804,2804,2801,2806,2806,2804,2807,2807,2801,2806,2801,2804,2803
2803,2806,2806,2804,2803,2807,2806,2808,2804,2806,2801,2804,2804,2807,2808,2803,2806,2804,2803,2804,2804,2807,2803,2803,2807,2801,2806,2801,2804,2803,2800,2804,2801,2801,2806,2804,2807,2806,2801,2804,2804,2803,2800,2804,2801,2800,2806,2803,2806,2803,2801,2807,2803,2803,2807,2804,2806,2804,2806,2806
2806,2803,2804,2807,2807,2806,2803,2806,2806,2803,2806,2806,2803,2804,2804,2807,2803,2804,2807,2804,2806,2808,2806,2804,2807,2806,2804,2804,2801,2804,2806,2804,2807,2804,2804,2804,2803,2804,2806,2804,2806,2806,2804,2804,2806,2803,2806,2804,2807,2803,2803,2808,2804,2808,2807,2808,2803,2801,2806,2807
2804,2806,2804,2806,2806,2807,2804,2808,2808,2806,2807,2808,2801,2806,2800,2801,2803,2801,2807,2804,2804,2804,2803,2804,2804,2806,2806,2806,2803,2804,2804,2807,2807,2803,2804,2807,2810,2803,2804,2806,2806,2806,2800,2801,2803,2801,2803,2801,2801,2804,2804,2800,2803,2804,2801,2806,2803,2804,2801,2804
2804,2801,2806,2801,2801,2807,2800,2804,2807,2808,2803,2806,2808,2804,2807,2803,2806,2801,2804,2804,2800,2803,2804,2803,2807,2804,2803,2800,2804,2806,2806,2807,2807,2806,2806,2803,2804,2804,2806,2806,2804,2804,2804,2804,2806,2804,2806,2804,2804,2804,2799,2803,2804,2800,2803,2803,2804,2806,2804,2808
2801,2801,2803,2804,2804,2808,2807,2804,2807,2804,2806,2806,2804,2807,2801,2804,2804,2806,2801,2803,2804,2803,2803,2804,2808,2803,2803,2801,2808,2808,2804,2806,2804,2808,2807,2804,2804,2806,2804,2804,2803,2806,2803,2804,2808,2803,2806,2806,2803,2803,2804,2804,2804,2801,2804,2806,2806,2804,2806,2806
2804,2804,2807,2804,2804,2801,2804,2803,2801,2803,2803,2803,2803,2806,2807,2806,2804,2806,2801,2807,2800,2804,2808,2800,2806,2804,2803,2803,2801,2807,2803,2803,2806,2803,2801,2804,2803,2803,2803,2807,2807,2801,2808,2808,2801,2804,2806,2806,2806,2801,2804,2804,2800,2803,2804,2804,2804,2803,2804,2806
2808,2803,2807,2803,2807,2807,2804,2807,2807,2806,2807,2804,2804,2807,2799,2803,2803,2801,2804,2803,2807,2803,2803,2807,2803,2801,2807,2801,2800,2803,2804,2807,2804,2806,2806,2804,2803,2803,2804,2803,2807,2807,2803,2807,2808,2807,2807,2806,2808,2808,2804,2807,2810,2806,2807,2804,2806,2806,2803,2807
2801,2808,2806,2803,2806,2806,2807,2808,2807,2801,2807,2807,2806,2807,2800,2803,2810,2806,2806,2808,2801,2806,2808,2803,2801,2801,2801,2807,2806,2801,2804,2804,2807,2803,2804,2803,2806,2804,2806,2804,2806,2803,2804,2804,2806,2807,2804,2806,2806,2804,2803,2807,2803,2804,2804,2803,2801,2807,2806,2806
2804,2804,2803,2806,2803,2803,2803,2800,2801,2806,2801,2804,2803,2801,2807,2803,2804,2803,2803,2804,2804,2803,2806,2807,2803,2806,2803,2803,2801,2806,2808,2807,2807,2808,2804,2807,2808,2810,2804,2803,2806,2803,2804,2807,2806,2803,2804,2807,2801,2808,2804,2803,2810,2804,2808,2807,2808,2800,2807,2803
2807,2803,2803,2803,2800,2807,2804,2807,2807,2797,2806,2804,2800,2803,2803,2807,2806,2806,2806,2806,2804,2808,2804,2807,2808,2804,2804,2803,2806,2804,2807,2803,2806,2806,2808,2804,2810,2810,2803,2803,2806,2806,2801,2807,2807,2804,2803,2808,2801,2804,2807,2801,2806,2804,2804,2801,2803,2807,2804,2803
2810,2806,2803,2804,2804,2804,2808,2803,2806,2806,2804,2806,2807,2803,2808,2804,2804,2803,2803,2807,2804,2804,2804,2807,2804,2807,2808,2804,2806,2804,2803,2807,2806,2806,2806,2801,2807,2807,2806,2807,2807,2806,2807,2808,2806,2806,2803,2803,2804,2804,2804,2803,2804,2810,2804,2801,2806,2803,2807,2800
2806,2803,2800,2804,2804,2801,2803,2804,2806,2807,2804,2807,2808,2804,2804,2806,2804,2804,2806,2804,2806,2807,2808,2806,2807,2800,2806,2803,2807,2807,2803,2807,2803,2804,2803,2806,2804,2807,2806,2804,2804,2804,2806,2804,2806,2800,2807,2804,2803,2804,2806,2804,2801,2801,2804,2806,2801,2806,2807,2801
2801,2801,2803,2806,2807,2804,2807,2806,2803,2803,2806,2801,2803,2806,2803,2804,2806,2804,2804,2804,2804,2804,2807,2806,2804,2801,2806,2804,2803,2806,2807,2808,2803,2806,2800,2804,2807,2804,2801,2801,2801,2801,2803,2801,2806,2803,2808,2807,2804,2807,2804,2808,2803,2804,2803,2806,2803,2804,2806,2803
2803,2806,2807,2806,2806,2806,2804,2807,2803,2804,2804,2803,2804,2807,2801,2807,2806,2807,2807,2804,2804,2804,2804,2806,2804,2803,2804,2804,2804,2806,2804,2807,2803,2806,2806,2804,2806,2804,2807,2804,2806,2806,2804,2806,2804,2810,2803,2803,2801,2803,2801,2799,2807,2806,2806,2803,2806,2808,2807,2804
2806,2806,2807,2804,2807,2806,2801,2803,2801,2801,2803,2801,2801,2811,2803,2806,2806,2804,2806,2804,2803,2807,2806,2810,2806,2804,2807,2806,2806,2806,2807,2804,2803,2807,2803,2806,2806,2804,2804,2804,2807,2803,2806,2807,2803,2803,2804,2807,2804,2803,2803,2807,2803,2806,2807,2807,2803,2808,2804,2808
2801,2803,2806,2806,2803,2804,2803,2806,2804,2804,2804,2803,2806,2803,2803,2800,2800,2803,2800,2804,2804,2801,2806,2807,2804,2808,2804,2801,2803,2804,2807,2806,2806,2807,2806,2806,2808,2803,2804,2807,2803,2803,2808,2807,2804,2803,2808,2804,2807,2804,2807,2807,2808,2808,2806,2806,2807,2804,2806,2808
2806,2803,2810,2806,2803,2807,2804,2804,2804,2806,2803,2801,2807,2804,2803,2803,2806,2804,2800,2808,2806,2804,2804,2801,2806,2803,2803,2803,2803,2804,2806,2803,2804,2803,2804,2806,2804,2806,2801,2806,2804,2808,2804,2807,2808,2803,2801,2808,2806,2801,2806,2806,2803,2803,2804,2804,2808,2804,2801,2801
2803,2804,2803,2803,2804,2806,2806,2808,2807,2803,2807,2806,2804,2806,2807,2808,2804,2806,2803,2804,2806,2806,2806,2806,2806,2804,2804,2803,2806,2804,2806,2806,2803,2807,2806,2806,2806,2807,2806,2804,2806,2804,2806,2804,2803,2804,2806,2806,2806,2804,2806,2806,2806,2807,2804,2804,2804,2803,2803,2804
2804,2803,2804,2803,2804,2803,2806,2806,2804,2804,2807,2803,2804,2808,2801,2807,2801,2804,2804,2801,2803,2806,2801,2806,2806,2807,2806,2806,2803,2807,2807,2803,2806,2803,2806,2807,2803,2807,2803,2803,2803,2806,2807,2801,2804,2807,2801,2803,2801,2803,2801,2800,2804,2801,2800,2804,2804,2803,2808,2804
2804,2804,2803,2803,2810,2803,2807,2806,2803,2804,2806,2806,2803,2801,2803,2804,2804,2806,2801,2806,2803,2801,2804,2804,2803,2804,2803,2804,2806,2803,2806,2806,2803,2803,2806,2807,2804,2803,2808,2801,2801,2804,2803,2806,2804,2808,2811,2803,2803,2800,2806,2804,2803,2806,2803,2800,2801,2804,2800,2807
2808,2803,2803,2807,2806,2804,2804,2801,2806,2804,2804,2808,2801,2804,2804,2806,2803,2806,2804,2803,2807,2803,2804,2806,2803,2807,2807,2804,2804,2804,2806,2806,2806,2806,2804,2803,2807,2806,2804,2804,2804,2803,2806,2806,2799,2806,2806,2806,2801,2801,2806,2803,2804,2806,2804,2804,2801,2804,2806,2804
PS_Config_Lmt_FW_Rawdata_N:,,,,,,,,,,,,,,,,,,,,,,,,,,,,,,,,,,,,,,,,,,,,,,,,,,,,,,,,,,,
1201,1200,1201,1203,1202,1201,1203,1204,1201,1202,1203,1201,1202,1202,1201,1201,1204,1201,1202,1201,1202,1202,1199,1201,1202,1203,1200,1201,1203,1202,1202,1202,1201,1204,1202,1202,1203,1201,1202,1202,1202,1203,1202,1202,1204,1203,1201,1202,1203,1201,1201,1204,1201,1202,1204,1203,1202,1204,1202,1204
1202,1199,1203,1202,1201,1202,1202,1202,1202,1202,1202,1202,1202,1204,1201,1201,1202,1202,1202,1204,1202,1199,1203,1202,1199,1201,1201,1204,1203,1201,1202,1201,1200,1203,1202,1204,1204,1202,1204,1202,1202,1203,1203,1202,1202,1202,1202,1204,1203,1201,1202,1201,1201,1202,1202,1202,1202,1202,1202,1202
1202,1202,1202,1202,1203,1202,1202,1202,1201,1202,1202,1202,1202,1202,1202,1202,1202,1202,1201,1202,1202,1203,1204,1202,1203,1202,1201,1201,1202,1201,1201,1202,1203,1201,1202,1202,1202,1202,1203,1202,1202,1202,1202,1202,1202,1199,1202,1202,1201,1200,1202,1200,1201,1202,1199,1201,1201,1202,1202,1202
1202,1201,1203,1202,1200,1202,1202,1204,1202,1202,1203,1201,1202,1203,1201,1201,1202,1203,1201,1201,1204,1202,1201,1202,1201,1201,1202,1201,1202,1201,1203,1201,1202,1202,1202,1202,1202,1202,1202,1202,1202,1201,1203,1202,1202,1202,1202,1202,1202,1202,1202,1202,1204,1202,1202,1202,1202,1202,1202,1202
1202,1203,1202,1202,1204,1201,1202,1202,1202,1203,1201,1201,1204,1202,1202,1204,1201,1203,1204,1202,1203,1202,1202,1203,1203,1202,1202,1202,1203,1202,1201,1202,1200,1202,1201,1199,1202,1202,1203,1202,1203,1202,1202,1202,1203,1202,1201,1203,1202,1204,1202,1201,1204,1202,1201,1200,1201,1202,1201,1203
1202,1202,1201,1202,1202,1204,1202,1202,1204,1201,1202,1204,1202,1202,1204,1202,1203,1201,1202,1202,1201,1204,1202,1201,1202,1202,1201,1201,1201,1204,1201,1204,1201,1201,1201,1202,1201,1204,1202,1202,1203,1201,1204,1202,1202,1202,1202,1202,1201,1203,1201,1202,1202,1202,1201,1202,1202,1202,1202,1202
1201,1201,1201,1202,1201,1202,1202,1201,1202,1202,1201,1202,1202,1201,1202,1204,1202,1202,1203,1202,1202,1203,1202,1201,1201,1202,1201,1201,1203,1202,1203,1201,1201,1203,1203,1202,1202,1203,1201,1202,1204,1200,1202,1203,1201,1202,1202,1200,1202,1203,1200,1201,1202,1201,1202,1201,1203,1203,1201,1202
1201,1202,1201,1202,1203,1202,1202,1202,1202,1202,1202,1202,1203,1202,1202,1201,1201,1203,1201,1201,1202,1201,1202,1202,1202,1202,1202,1202,1202,1201,1200,1202,1201,1202,1204,1202,1202,1202,1202,1202,1201,1199,1202,1202,1202,1201,1204,1202,1202,1203,1201,1201,1202,1202,1202,1204,1201,1202,1202,1203
1203,1201,1203,1200,1202,1204,1201,1202,1204,1201,1202,1204,1201,1202,1204,1203,1202,1202,1204,1202,1201,1203,1204,1201,1201,1201,1202,1202,1202,1202,1201,1201,1202,1202,1202,1202,1202,1202,1202,1202,1202,1201,1203,1202,1204,1202,1202,1201,1202,1201,1201,1202,1202,1202,1203,1201,1201,1202,1202,1202
1202,1202,1201,1202,1201,1203,1202,1203,1203,1201,1203,1203,1202,1202,1204,1202,1202,1202,1200,1202,1202,1201,1201,1202,1203,1202,1203,1203,1201,1202,1202,1202,1203,1201,1203,1202,1201,1202,1203,1201,1202,1202,1201,1202,1202,1202,1202,1201,1202,1202,1202,1202,1203,1201,1202,1202,1204,1201,1202,1201
1201,1202,1202,1202,1202,1201,1202,1202,1201,1201,1201,1201,1201,1202,1201,1201,1201,1202,1203,1201,1201,1203,1202,1202,1202,1204,1201,1202,1201,1201,1202,1201,1202,1202,1201,1202,1204,1203,1202,1202,1203,1202,1201,1204,1204,1204,1202,1201,1201,1202,1201,1201,1202,1201,1201,1201,1202,1201,1202,1203
1201,1202,1203,1202,1202,1201,1201,1201,1202,1201,1201,1200,1202,1201,1201,1202,1203,1201,1202,1202,1201,1201,1204,1201,1201,1201,1201,1201,1203,1204,1202,1202,1203,1201,1202,1201,1201,1201,1203,1201,1201,1204,1203,1201,1203,1202,1201,1202,1202,1201,1201,1202,1201,1202,1202,1202,1201,1203,1203,1201
1202,1202,1202,1202,1202,1204,1202,1202,1204,1202,1202,1202,1201,1202,1202,1202,1202,1202,1202,1201,1202,1201,1201,1202,1203,1202,1202,1203,1202,1202,1203,1203,1202,1202,1201,1202,1202,1201,1202,1201,1202,1201,1202,1202,1202,1201,1202,1201,1202,1201,1202,1203,1202,1201,1202,1201,1201,1203,1202,1203
1202,1202,1203,1201,1202,1201,1202,1201,1202,1202,1201,1202,1203,1201,1201,1202,1203,1201,1202,1203,1201,1202,1203,1201,1202,1203,1202,1202,1202,1204,1201,1203,1202,1203,1202,1200,1202,1203,1202,1202,1203,1202,1201,1202,1202,1201,1203,1202,1202,1202,1202,1202,1203,1202,1201,1203,1201,1202,1202,1201
1202,1201,1201,1201,1202,1201,1202,1201,1201,1201,1202,1202,1202,1201,1203,1203,1202,1203,1201,1202,1203,1202,1202,1202,1204,1202,1201,1202,1203,1203,1199,1201,1202,1203,1202,1202,1205,1202,1202,1204,1201,1202,1201,1202,1203,1202,1202,1201,1202,1201,1201,1202,1201,1202,1201,1202,1203,1201,1203,1200
1202,1201,1202,1202,1202,1203,1202,1201,1202,1201,1202,1202,1201,1202,1202,1203,1201,1203,1202,1200,1203,1202,1201,1199,1202,1201,1202,1202,1201,1201,1201,1202,1201,1202,1202,1201,1202,1202,1201,1201,1202,1201,1201,1203,1201,1201,1203,1202,1202,1202,1201,1201,1203,1201,1202,1202,1202,1202,1202,1203
1204,1202,1203,1200,1201,1202,1200,1203,1201,1200,1202,1202,1201,1202,1202,1203,1202,1203,1201,1202,1202,1202,1202,1202,1202,1202,1203,1201,1201,1201,1203,1203,1202,1202,1201,1201,1204,1201,1203,1201,1201,1203,1201,1201,1201,1202,1201,1201,1202,1202,1202,1202,1202,1202,1202,1201,1202,1202,1202,1202
1202,1202,1202,1203,1203,1204,1201,1202,1202,1201,1203,1204,1201,1202,1202,1202,1201,1203,1204,1200,1202,1203,1201,1201,1202,1202,1202,1202,1202,1202,1204,1202,1201,1204,1202,1201,1202,1203,1202,1201,1202,1202,1202,1202,1202,1201,1202,1201,1203,1202,1201,1202,1204,1202,1201,1203,1202,1203,1204,1202
1203,1202,1201,1201,1201,1202,1202,1204,1204,1202,1202,1202,1202,1202,1203,1203,1201,1204,1201,1202,1202,1202,1202,1202,1202,1201,1202,1202,1202,1202,1202,1202,1201,1202,1202,1201,1204,1204,1204,1202,1203,1202,1202,1203,1202,1204,1202,1202,1202,1201,1202,1202,1202,1203,1203,1201,1202,1201,1202,1201
1201,1202,1202,1202,1201,1203,1202,1204,1202,1202,1201,1202,1202,1203,1204,1201,1202,1202,1201,1202,1202,1203,1201,1201,1203,1201,1202,1201,1202,1201,1200,1202,1201,1201,1202,1202,1203,1202,1201,1202,1202,1201,1200,1202,1201,1200,1202,1201,1202,1201,1201,1203,1201,1201,1203,1202,1202,1202,1202,1202
1202,1201,1202,1203,1203,1202,1201,1202,1202,1201,1202,1202,1201,1202,1202,1203,1201,1202,1203,1202,1202,1204,1202,1202,1203,1202,1202,1202,1201,1202,1202,1202,1203,1202,1202,1202,1201,1202,1202,1202,1202,1202,1202,1202,1202,1201,1202,1202,1203,1201,1201,1204,1202,1204,1203,1204,1201,1201,1202,1203
1202,1202,1202,1202,1202,1203,1202,1204,1204,1202,1203,1204,1201,1202,1200,1201,1201,1201,1203,1202,1202,1202,1201,1202,1202,1202,1202,1202,1201,1202,1202,1203,1203,1201,1202,1203,1204,1201,1202,1202,1202,1202,1200,1201,1201,1201,1201,1201,1201,1202,1202,1200,1201,1202,1201,1202,1201,1202,1201,1202
1202,1201,1202,1201,1201,1203,1200,1202,1203,1204,1201,1202,1204,1202,1203,1201,1202,1201,1202,1202,1200,1201,1202,1201,1203,1202,1201,1200,1202,1202,1202,1203,1203,1202,1202,1201,1202,1202,1202,1202,1202,1202,1202,1202,1202,1202,1202,1202,1202,1202,1199,1201,1202,1200,1201,1201,1202,1202,1202,1204
1201,1201,1201,1202,1202,1204,1203,1202,1203,1202,1202,1202,1202,1203,1201,1202,1202,1202,1201,1201,1202,1201,1201,1202,1204,1201,1201,1201,1204,1204,1202,1202,1202,1204,1203,1202,1202,1202,1202,1202,1201,1202,1201,1202,1204,1201,1202,1202,1201,1201,1202,1202,1202,1201,1202,1202,1202,1202,1202,1202
1202,1202,1203,1202,1202,1201,1202,1201,1201,1201,1201,1201,1201,1202,1203,1202,1202,1202,1201,1203,1200,1202,1204,1200,1202,1202,1201,1201,1201,1203,1201,1201,1202,1201,1201,1202,1201,1201,1201,1203,1203,1201,1204,1204,1201,1202,1202,1202,1202,1201,1202,1202,1200,1201,1202,1202,1202,1201,1202,1202
1204,1201,1203,1201,1203,1203,1202,1203,1203,1202,1203,1202,1202,1203,1199,1201,1201,1201,1202,1201,1203,1201,1201,1203,1201,1201,1203,1201,1200,1201,1202,1203,1202,1202,1202,1202,1201,1201,1202,1201,1203,1203,1201,1203,1204,1203,1203,1202,1204,1204,1202,1203,1204,1202,1203,1202,1202,1202,1201,1203
1201,1204,1202,1201,1202,1202,1203,1204,1203,1201,1203,1203,1202,1203,1200,1201,1204,1202,1202,1204,1201,1202,1204,1201,1201,1201,1201,1203,1202,1201,1202,1202,1203,1201,1202,1201,1202,1202,1202,1202,1202,1201,1202,1202,1202,1203,1202,1202,1202,1202,1201,1203,1201,1202,1202,1201,1201,1203,1202,1202
1202,1202,1201,1202,1201,1201,1201,1200,1201,1202,1201,1202,1201,1201,1203,1201,1202,1201,1201,1202,1202,1201,1202,1203,1201,1202,1201,1201,1201,1202,1204,1203,1203,1204,1202,1203,1204,1204,1202,1201,1202,1201,1202,1203,1202,1201,1202,1203,1201,1204,1202,1201,1204,1202,1204,1203,1204,1200,1203,1201
1203,1201,1201,1201,1200,1203,1202,1203,1203,1199,1202,1202,1200,1201,1201,1203,1202,1202,1202,1202,1202,1204,1202,1203,1204,1202,1202,1201,1202,1202,1203,1201,1202,1202,1204,1202,1204,1204,1201,1201,1202,1202,1201,1203,1203,1202,1201,1204,1201,1202,1203,1201,1202,1202,1202,1201,1201,1203,1202,1201
1204,1202,1201,1202,1202,1202,1204,1201,1202,1202,1202,1202,1203,1201,1204,1202,1202,1201,1201,1203,1202,1202,1202,1203,1202,1203,1204,1202,1202,1202,1201,1203,1202,1202,1202,1201,1203,1203,1202,1203,1203,1202,1203,1204,1202,1202,1201,1201,1202,1202,1202,1201,1202,1204,1202,1201,1202,1201,1203,1200
1202,1201,1200,1202,1202,1201,1201,1202,1202,1203,1202,1203,1204,1202,1202,1202,1202,1202,1202,1202,1202,1203,1204,1202,1203,1200,1202,1201,1203,1203,1201,1203,1201,1202,1201,1202,1202,1203,1202,1202,1202,1202,1202,1202,1202,1200,1203,1202,1201,1202,1202,1202,1201,1201,1202,1202,1201,1202,1203,1201
1201,1201,1201,1202,1203,1202,1203,1202,1201,1201,1202,1201,1201,1202,1201,1202,1202,1202,1202,1202,1202,1202,1203,1202,1202,1201,1202,1202,1201,1202,1203,1204,1201,1202,1200,1202,1203,1202,1201,1201,1201,1201,1201,1201,1202,1201,1204,1203,1202,1203,1202,1204,1201,1202,1201,1202,1201,1202,1202,1201
1201,1202,1203,1202,1202,1202,1202,1203,1201,1202,1202,1201,1202,1203,1201,1203,1202,1203,1203,1202,1202,1202,1202,1202,1202,1201,1202,1202,1202,1202,1202,1203,1201,1202,1202,1202,1202,1202,1203,1202,1202,1202,1202,1202,1202,1204,1201,1201,1201,1201,1201,1199,1203,1202,1202,1201,1202,1204,1203,1202
1202,1202,1203,1202,1203,1202,1201,1201,1201,1201,1201,1201,1201,1205,1201,1202,1202,1202,1202,1202,1201,1203,1202,1204,1202,1202,1203,1202,1202,1202,1203,1202,1201,1203,1201,1202,1202,1202,1202,1202,1203,1201,1202,1203,1201,1201,1202,1203,1202,1201,1201,1203,1201,1202,1203,1203,1201,1204,1202,1204
1201,1201,1202,1202,1201,1202,1201,1202,1202,1202,1202,1201,1202,1201,1201,1200,1200,1201,1200,1202,1202,1201,1202,1203,1202,1204,1202,1201,1201,1202,1203,1202,1202,1203,1202,1202,1204,1201,1202,1203,1201,1201,1204,1203,1202,1201,1204,1202,1203,1202,1203,1203,1204,1204,1202,1202,1203,1202,1202,1204
1202,1201,1204,1202,1201,1203,1202,1202,1202,1202,1201,1201,1203,1202,1201,1201,1202,1202,1200,1204,1202,1202,1202,1201,1202,1201,1201,1201,1201,1202,1202,1201,1202,1201,1202,1202,1202,1202,1201,1202,1202,1204,1202,1203,1204,1201,1201,1204,1202,1201,1202,1202,1201,1201,1202,1202,1204,1202,1201,1201
1201,1202,1201,1201,1202,1202,1202,1204,1203,1201,1203,1202,1202,1202,1203,1204,1202,1202,1201,1202,1202,1202,1202,1202,1202,1202,1202,1201,1202,1202,1202,1202,1201,1203,1202,1202,1202,1203,1202,1202,1202,1202,1202,1202,1201,1202,1202,1202,1202,1202,1202,1202,1202,1203,1202,1202,1202,1201,1201,1202
1202,1201,1202,1201,1202,1201,1202,1202,1202,1202,1203,1201,1202,1204,1201,1203,1201,1202,1202,1201,1201,1202,1201,1202,1202,1203,1202,1202,1201,1203,1203,1201,1202,1201,1202,1203,1201,1203,1201,1201,1201,1202,1203,1201,1202,1203,1201,1201,1201,1201,1201,1200,1202,1201,1200,1202,1202,1201,1204,1202
1202,1202,1201,1201,1204,1201,1203,1202,1201,1202,1202,1202,1201,1201,1201,1202,1202,1202,1201,1202,1201,1201,1202,1202,1201,1202,1201,1202,1202,1201,1202,1202,1201,1201,1202,1203,1202,1201,1204,1201,1201,1202,1201,1202,1202,1204,1205,1201,1201,1200,1202,1202,1201,1202,1201,1200,1201,1202,1200,1203
1204,1201,1201,1203,1202,1202,1202,1201,1202,1202,1202,1204,1201,1202,1202,1202,1201,1202,1202,1201,1203,1201,1202,1202,1201,1203,1203,1202,1202,1202,1202,1202,1202,1202,1202,1201,1203,1202,1202,1202,1202,1201,1202,1202,1199,1202,1202,1202,1201,1201,1202,1201,1202,1202,1202,1202,1201,1202,1202,1202
PS_Config_Lmt_FW_CC_P:,,,,,,,,,,,,,,,,,,,,,,,,,,,,,,,,,,,,,,,,,,,,,,,,,,,,,,,,,,,
214,214,213,213,211,213,211,211,211,211,211,213,211,211,211,211,211,211,211,211,211,211,211,211,211,213,213,213,214,215,215,214,214,213,213,213,211,211,211,211,211,211,211,211,211,211,211,211,211,211,211,211,211,211,211,213,213,213,214,214
218,218,217,215,215,215,214,215,215,214,214,215,214,214,215,215,215,215,215,215,215,215,215,215,215,217,215,218,218,218,218,218,217,215,215,215,214,214,215,214,214,215,214,214,215,215,214,214,215,215,214,215,215,214,215,215,215,217,218,218
218,215,218,215,213,214,214,213,214,213,213,214,214,211,214,213,213,213,213,213,213,213,213,213,213,214,215,215,217,217,218,215,217,215,213,214,213,211,214,213,211,213,213,211,214,213,213,213,213,213,213,213,213,213,213,214,214,215,217,217
215,217,215,213,215,213,213,214,213,211,214,213,213,214,213,214,214,213,214,214,213,214,214,213,214,215,213,217,217,217,215,217,215,211,214,213,211,214,213,211,214,213,211,214,213,214,213,213,214,213,213,214,213,213,214,214,213,215,215,217
215,214,214,213,211,213,211,211,213,211,211,213,211,211,211,211,211,211,211,211,211,211,211,211,211,213,213,213,214,215,215,214,214,213,213,213,211,211,211,211,211,211,211,211,211,211,211,211,211,211,211,211,211,211,211,213,213,213,214,214
218,218,218,217,217,217,215,215,215,215,215,215,215,215,215,217,215,215,217,215,215,215,215,215,217,217,217,218,218,218,218,219,218,217,217,217,215,215,215,215,215,215,215,215,215,215,215,215,217,215,215,215,215,215,217,217,215,218,218,218
218,218,218,215,215,214,213,214,214,213,214,214,213,214,214,214,214,214,214,214,214,214,214,214,214,215,215,217,218,218,218,218,218,215,215,214,214,214,214,213,214,214,213,214,214,214,213,214,214,214,214,214,214,214,214,214,215,217,217,218
218,215,215,214,214,214,214,213,214,214,213,214,214,213,214,214,214,214,214,214,214,214,214,214,215,215,214,217,217,218,218,217,217,214,214,214,214,214,214,214,214,214,214,214,214,214,214,214,214,214,214,214,214,214,214,215,214,215,217,217
215,214,214,214,213,213,211,211,213,211,211,213,211,213,213,213,211,211,213,211,211,213,211,211,213,213,213,214,214,214,217,215,214,214,213,213,213,211,213,211,211,213,211,211,213,213,211,211,213,211,211,213,211,211,213,213,213,214,214,214
218,219,217,217,217,215,215,217,215,215,217,215,215,217,215,218,217,217,217,217,217,217,217,217,217,218,218,218,219,219,219,221,217,218,218,215,217,217,215,215,217,215,215,217,215,218,217,217,217,217,217,217,217,217,217,218,218,218,219,219
219,219,218,217,217,214,214,215,214,214,215,214,214,215,214,217,214,214,215,214,214,215,214,214,215,215,217,218,218,219,219,219,218,217,217,214,214,215,214,214,215,214,214,215,214,217,214,214,215,214,214,215,214,214,215,215,217,218,218,219
218,217,217,215,214,214,214,214,214,214,214,214,214,214,214,215,214,214,214,214,214,214,214,214,215,215,214,217,217,217,219,218,217,215,215,215,214,214,214,214,214,214,214,214,214,215,214,214,214,214,213,214,214,214,214,214,213,215,217,217
217,215,214,214,214,213,213,213,211,213,213,213,213,213,213,214,213,213,213,213,213,213,213,213,213,213,214,214,215,215,218,217,214,214,214,213,213,213,213,213,213,213,213,213,213,214,213,213,213,213,211,213,213,213,213,213,214,214,214,215
219,219,219,218,217,217,217,217,217,217,217,217,217,217,217,218,217,217,217,217,217,217,217,217,218,217,218,219,219,219,221,221,219,218,218,217,217,217,217,217,217,217,217,217,217,218,217,217,217,217,215,217,217,217,217,217,217,218,219,219
219,218,218,217,215,214,214,214,214,214,214,214,214,214,214,217,215,214,215,215,214,215,215,214,215,215,217,218,219,219,221,218,218,217,217,214,214,214,214,214,214,214,214,214,214,217,215,214,215,215,214,215,215,214,215,215,215,218,218,219
219,218,217,215,214,214,214,215,214,214,215,214,214,215,214,215,215,215,215,215,215,215,215,215,215,215,214,217,218,218,219,218,217,215,215,214,215,215,214,215,215,214,214,215,214,215,215,214,215,215,214,215,215,215,215,215,214,217,217,218
217,215,214,214,214,213,213,213,213,213,213,213,213,213,213,214,213,213,213,213,213,213,213,214,213,213,215,214,215,217,218,217,214,214,214,213,213,213,213,213,213,213,213,213,213,213,213,213,213,213,213,213,213,213,213,213,214,214,214,217
219,219,218,218,217,217,217,217,217,217,217,217,217,217,217,218,217,215,217,217,215,217,217,215,218,217,217,218,219,219,221,221,219,218,217,217,217,217,215,217,217,215,217,217,215,218,217,215,217,217,215,217,217,215,217,217,217,218,219,219
219,219,218,217,217,214,214,215,214,214,215,214,214,215,214,217,214,214,215,214,214,215,214,214,215,215,217,218,219,219,221,219,219,217,217,215,214,215,214,214,215,214,214,215,214,217,214,214,215,215,214,215,214,214,215,215,215,218,218,219
219,217,215,215,214,214,215,214,214,215,215,214,215,214,214,215,215,215,214,215,215,214,215,215,215,215,214,215,218,218,221,218,215,215,214,214,215,214,214,214,214,213,214,214,213,215,214,214,214,215,214,214,215,214,214,215,214,215,217,218
215,215,214,213,213,213,213,213,213,213,213,213,213,213,214,213,211,213,213,211,213,213,211,213,213,213,214,215,215,219,217,215,214,214,213,213,213,213,213,213,213,213,213,213,213,211,211,213,213,211,213,213,211,213,213,213,214,214,214,218
221,218,217,217,215,217,217,215,217,217,215,215,217,215,217,217,217,215,217,217,215,217,217,217,217,218,218,219,219,219,221,218,218,218,215,217,217,215,215,217,215,215,215,215,217,217,217,215,217,217,217,217,217,217,217,217,218,219,219,219
219,217,217,217,213,214,214,213,214,214,213,214,214,213,215,214,215,214,214,215,214,214,215,214,215,217,217,218,219,219,219,218,217,217,213,214,214,213,214,214,213,214,214,213,215,214,214,214,214,215,214,214,214,214,214,217,217,218,219,219
217,215,215,213,214,214,214,214,214,214,214,214,214,214,215,214,213,214,214,214,214,215,214,214,215,213,215,217,217,219,218,217,215,214,214,214,214,213,214,213,213,214,213,213,214,214,213,214,214,214,214,214,213,214,215,213,214,217,215,219
215,214,214,213,211,213,213,211,213,211,211,213,211,211,213,213,211,211,213,211,211,213,211,211,213,213,213,214,215,217,215,214,214,213,211,213,211,211,213,211,211,211,211,211,213,211,211,211,211,211,211,211,211,211,211,213,213,214,215,215
219,218,218,217,215,217,215,215,215,215,215,215,215,215,217,217,215,215,215,215,217,215,215,217,217,217,218,219,219,219,221,218,218,217,215,215,215,214,215,215,214,215,215,214,217,215,215,215,215,215,215,215,215,217,215,217,217,219,218,219
219,217,217,217,213,214,214,213,214,214,213,214,214,213,215,213,213,213,213,213,214,213,213,214,214,215,217,217,218,219,219,218,217,217,213,214,214,213,213,214,213,213,214,213,215,213,213,213,213,213,213,213,213,214,213,214,215,217,217,219
217,215,214,213,213,213,213,213,213,213,213,213,213,213,214,214,214,213,214,214,213,214,214,213,214,214,214,217,217,218,217,215,215,213,213,213,213,213,213,211,213,213,211,213,214,214,213,213,214,213,213,214,213,213,214,214,213,217,217,217
214,214,214,213,211,213,211,211,213,211,211,211,211,211,213,211,211,211,211,211,211,211,211,211,211,213,213,213,214,215,215,214,213,213,211,211,211,210,211,210,210,211,210,210,213,211,210,210,211,211,211,211,211,211,211,211,213,213,214,215
219,218,217,215,215,215,215,215,215,214,215,215,214,215,215,215,215,215,215,215,215,215,215,215,215,217,217,218,219,218,219,218,217,215,215,215,214,214,214,214,214,214,214,214,215,214,214,214,214,214,214,215,215,215,215,215,215,218,218,218
217,217,215,214,214,213,213,213,213,211,213,213,211,213,214,213,213,213,213,213,213,213,213,213,214,215,215,217,218,218,217,217,215,214,213,213,211,211,211,211,211,211,211,211,214,213,213,211,213,213,211,213,213,213,213,214,214,217,218,218
217,214,214,213,214,213,213,213,213,213,213,213,213,211,213,213,213,213,213,213,213,213,213,213,213,214,213,215,217,217,217,215,214,213,213,213,213,211,211,211,211,211,211,211,213,211,213,211,211,213,211,213,213,213,213,213,213,215,215,217
214,213,211,211,211,211,210,210,210,210,210,210,210,210,210,210,210,210,210,210,210,210,210,211,210,211,213,211,214,214,214,213,211,211,211,210,210,210,208,208,208,208,208,208,210,210,210,210,210,210,210,210,210,211,210,211,213,213,213,215
218,217,217,215,215,215,214,214,214,214,214,215,214,214,214,214,214,213,214,214,213,214,214,214,214,215,214,217,218,217,217,217,217,214,214,214,213,214,214,213,213,214,213,213,214,214,213,213,214,214,213,214,214,213,214,214,214,217,217,215
217,217,215,214,214,213,213,213,211,211,213,213,211,213,213,213,211,211,213,211,211,213,211,211,213,213,214,215,217,217,217,217,215,214,213,211,211,211,211,211,211,211,211,211,211,211,211,211,211,211,211,211,211,211,213,213,214,215,217,217
215,214,214,211,213,213,211,211,211,211,211,213,211,210,211,213,211,211,213,211,211,213,213,211,213,213,211,215,215,215,214,214,214,211,211,211,211,210,211,210,210,211,210,210,211,211,211,211,211,213,211,213,213,211,213,213,211,214,215,215
214,213,211,211,211,210,210,210,210,208,210,210,208,208,210,210,208,210,210,208,210,210,210,210,210,210,211,211,213,214,213,213,211,210,210,210,208,208,208,208,208,208,208,208,208,210,208,208,210,210,208,210,210,210,210,210,211,211,213,214
217,217,217,214,214,214,213,214,214,213,213,214,213,213,214,214,214,213,214,214,213,214,214,213,214,214,214,217,217,215,217,217,215,214,214,214,213,213,213,213,213,214,213,213,214,213,213,213,214,214,213,214,214,213,214,214,214,217,217,217
217,215,215,214,214,211,211,213,211,211,213,213,211,211,211,213,210,211,213,211,211,213,211,211,213,211,214,215,215,215,217,217,215,214,213,211,211,211,211,211,211,211,211,211,211,211,210,211,213,211,211,213,211,211,213,211,214,215,215,217
215,214,215,211,213,211,213,211,213,213,211,213,213,211,213,211,211,211,211,211,211,211,213,211,211,213,211,214,215,217,217,214,214,211,213,211,211,211,211,211,211,211,211,211,213,211,211,213,213,213,211,211,213,211,211,213,211,214,215,215
PS_Config_Lmt_FW_CC_N:,,,,,,,,,,,,,,,,,,,,,,,,,,,,,,,,,,,,,,,,,,,,,,,,,,,,,,,,,,,
96,96,95,95,95,95,95,95,95,95,95,95,95,95,95,95,95,95,95,95,95,95,95,95,95,95,95,95,96,97,97,96,96,95,95,95,95,95,95,95,95,95,95,95,95,95,95,95,95,95,95,95,95,95,95,95,95,95,96,96
98,98,97,97,97,97,96,97,97,96,96,97,96,96,97,97,97,97,97,97,97,97,97,97,97,97,97,98,98,98,98,98,97,97,97,97,96,96,97,96,96,97,96,96,97,97,96,96,97,97,96,97,97,96,97,97,97,97,98,98
98,97,98,97,95,96,96,95,96,95,95,96,96,95,96,95,95,95,95,95,95,95,95,95,95,96,97,97,97,97,98,97,97,97,95,96,95,95,96,95,95,95,95,95,96,95,95,95,95,95,95,95,95,95,95,96,96,97,97,97
97,97,97,95,97,95,95,96,95,95,96,95,95,96,95,96,96,95,96,96,95,96,96,95,96,97,95,97,97,97,97,97,97,95,96,95,95,96,95,95,96,95,95,96,95,96,95,95,96,95,95,96,95,95,96,96,95,97,97,97
97,96,96,95,95,95,95,95,95,95,95,95,95,95,95,95,95,95,95,95,95,95,95,95,95,95,95,95,96,97,97,96,96,95,95,95,95,95,95,95,95,95,95,95,95,95,95,95,95,95,95,95,95,95,95,95,95,95,96,96
98,98,98,97,97,97,97,97,97,97,97,97,97,97,97,97,97,97,97,97,97,97,97,97,97,97,97,98,98,98,98,99,98,97,97,97,97,97,97,97,97,97,97,97,97,97,97,97,97,97,97,97,97,97,97,97,97,98,98,98
98,98,98,97,97,96,95,96,96,95,96,96,95,96,96,96,96,96,96,96,96,96,96,96,96,97,97,97,98,98,98,98,98,97,97,96,96,96,96,95,96,96,95,96,96,96,95,96,96,96,96,96,96,96,96,96,97,97,97,98
98,97,97,96,96,96,96,95,96,96,95,96,96,95,96,96,96,96,96,96,96,96,96,96,97,97,96,97,97,98,98,97,97,96,96,96,96,96,96,96,96,96,96,96,96,96,96,96,96,96,96,96,96,96,96,97,96,97,97,97
97,96,96,96,95,95,95,95,95,95,95,95,95,95,95,95,95,95,95,95,95,95,95,95,95,95,95,96,96,96,97,97,96,96,95,95,95,95,95,95,95,95,95,95,95,95,95,95,95,95,95,95,95,95,95,95,95,96,96,96
98,99,97,97,97,97,97,97,97,97,97,97,97,97,97,98,97,97,97,97,97,97,97,97,97,98,98,98,99,99,99,99,97,98,98,97,97,97,97,97,97,97,97,97,97,98,97,97,97,97,97,97,97,97,97,98,98,98,99,99
99,99,98,97,97,96,96,97,96,96,97,96,96,97,96,97,96,96,97,96,96,97,96,96,97,97,97,98,98,99,99,99,98,97,97,96,96,97,96,96,97,96,96,97,96,97,96,96,97,96,96,97,96,96,97,97,97,98,98,99
98,97,97,97,96,96,96,96,96,96,96,96,96,96,96,97,96,96,96,96,96,96,96,96,97,97,96,97,97,97,99,98,97,97,97,97,96,96,96,96,96,96,96,96,96,97,96,96,96,96,95,96,96,96,96,96,95,97,97,97
97,97,96,96,96,95,95,95,95,95,95,95,95,95,95,96,95,95,95,95,95,95,95,95,95,95,96,96,97,97,98,97,96,96,96,95,95,95,95,95,95,95,95,95,95,96,95,95,95,95,95,95,95,95,95,95,96,96,96,97
99,99,99,98,97,97,97,97,97,97,97,97,97,97,97,98,97,97,97,97,97,97,97,97,98,97,98,99,99,99,99,99,99,98,98,97,97,97,97,97,97,97,97,97,97,98,97,97,97,97,97,97,97,97,97,97,97,98,99,99
99,98,98,97,97,96,96,96,96,96,96,96,96,96,96,97,97,96,97,97,96,97,97,96,97,97,97,98,99,99,99,98,98,97,97,96,96,96,96,96,96,96,96,96,96,97,97,96,97,97,96,97,97,96,97,97,97,98,98,99
99,98,97,97,96,96,96,97,96,96,97,96,96,97,96,97,97,97,97,97,97,97,97,97,97,97,96,97,98,98,99,98,97,97,97,96,97,97,96,97,97,96,96,97,96,97,97,96,97,97,96,97,97,97,97,97,96,97,97,98
97,97,96,96,96,95,95,95,95,95,95,95,95,95,95,96,95,95,95,95,95,95,95,96,95,95,97,96,97,97,98,97,96,96,96,95,95,95,95,95,95,95,95,95,95,95,95,95,95,95,95,95,95,95,95,95,96,96,96,97
99,99,98,98,97,97,97,97,97,97,97,97,97,97,97,98,97,97,97,97,97,97,97,97,98,97,97,98,99,99,99,99,99,98,97,97,97,97,97,97,97,97,97,97,97,98,97,97,97,97,97,97,97,97,97,97,97,98,99,99
99,99,98,97,97,96,96,97,96,96,97,96,96,97,96,97,96,96,97,96,96,97,96,96,97,97,97,98,99,99,99,99,99,97,97,97,96,97,96,96,97,96,96,97,96,97,96,96,97,97,96,97,96,96,97,97,97,98,98,99
99,97,97,97,96,96,97,96,96,97,97,96,97,96,96,97,97,97,96,97,97,96,97,97,97,97,96,97,98,98,99,98,97,97,96,96,97,96,96,96,96,95,96,96,95,97,96,96,96,97,96,96,97,96,96,97,96,97,97,98
97,97,96,95,95,95,95,95,95,95,95,95,95,95,96,95,95,95,95,95,95,95,95,95,95,95,96,97,97,99,97,97,96,96,95,95,95,95,95,95,95,95,95,95,95,95,95,95,95,95,95,95,95,95,95,95,96,96,96,98
99,98,97,97,97,97,97,97,97,97,97,97,97,97,97,97,97,97,97,97,97,97,97,97,97,98,98,99,99,99,99,98,98,98,97,97,97,97,97,97,97,97,97,97,97,97,97,97,97,97,97,97,97,97,97,97,98,99,99,99
99,97,97,97,95,96,96,95,96,96,95,96,96,95,97,96,97,96,96,97,96,96,97,96,97,97,97,98,99,99,99,98,97,97,95,96,96,95,96,96,95,96,96,95,97,96,96,96,96,97,96,96,96,96,96,97,97,98,99,99
97,97,97,95,96,96,96,96,96,96,96,96,96,96,97,96,95,96,96,96,96,97,96,96,97,95,97,97,97,99,98,97,97,96,96,96,96,95,96,95,95,96,95,95,96,96,95,96,96,96,96,96,95,96,97,95,96,97,97,99
97,96,96,95,95,95,95,95,95,95,95,95,95,95,95,95,95,95,95,95,95,95,95,95,95,95,95,96,97,97,97,96,96,95,95,95,95,95,95,95,95,95,95,95,95,95,95,95,95,95,95,95,95,95,95,95,95,96,97,97
99,98,98,97,97,97,97,97,97,97,97,97,97,97,97,97,97,97,97,97,97,97,97,97,97,97,98,99,99,99,99,98,98,97,97,97,97,96,97,97,96,97,97,96,97,97,97,97,97,97,97,97,97,97,97,97,97,99,98,99
99,97,97,97,95,96,96,95,96,96,95,96,96,95,97,95,95,95,95,95,96,95,95,96,96,97,97,97,98,99,99,98,97,97,95,96,96,95,95,96,95,95,96,95,97,95,95,95,95,95,95,95,95,96,95,96,97,97,97,99
97,97,96,95,95,95,95,95,95,95,95,95,95,95,96,96,96,95,96,96,95,96,96,95,96,96,96,97,97,98,97,97,97,95,95,95,95,95,95,95,95,95,95,95,96,96,95,95,96,95,95,96,95,95,96,96,95,97,97,97
96,96,96,95,95,95,95,95,95,95,95,95,95,95,95,95,95,95,95,95,95,95,95,95,95,95,95,95,96,97,97,96,95,95,95,95,95,94,95,94,94,95,94,94,95,95,94,94,95,95,95,95,95,95,95,95,95,95,96,97
99,98,97,97,97,97,97,97,97,96,97,97,96,97,97,97,97,97,97,97,97,97,97,97,97,97,97,98,99,98,99,98,97,97,97,97,96,96,96,96,96,96,96,96,97,96,96,96,96,96,96,97,97,97,97,97,97,98,98,98
97,97,97,96,96,95,95,95,95,95,95,95,95,95,96,95,95,95,95,95,95,95,95,95,96,97,97,97,98,98,97,97,97,96,95,95,95,95,95,95,95,95,95,95,96,95,95,95,95,95,95,95,95,95,95,96,96,97,98,98
97,96,96,95,96,95,95,95,95,95,95,95,95,95,95,95,95,95,95,95,95,95,95,95,95,96,95,97,97,97,97,97,96,95,95,95,95,95,95,95,95,95,95,95,95,95,95,95,95,95,95,95,95,95,95,95,95,97,97,97
96,95,95,95,95,95,94,94,94,94,94,94,94,94,94,94,94,94,94,94,94,94,94,95,94,95,95,95,96,96,96,95,95,95,95,94,94,94,94,94,94,94,94,94,94,94,94,94,94,94,94,94,94,95,94,95,95,95,95,97
98,97,97,97,97,97,96,96,96,96,96,97,96,96,96,96,96,95,96,96,95,96,96,96,96,97,96,97,98,97,97,97,97,96,96,96,95,96,96,95,95,96,95,95,96,96,95,95,96,96,95,96,96,95,96,96,96,97,97,97
97,97,97,96,96,95,95,95,95,95,95,95,95,95,95,95,95,95,95,95,95,95,95,95,95,95,96,97,97,97,97,97,97,96,95,95,95,95,95,95,95,95,95,95,95,95,95,95,95,95,95,95,95,95,95,95,96,97,97,97
97,96,96,95,95,95,95,95,95,95,95,95,95,94,95,95,95,95,95,95,95,95,95,95,95,95,95,97,97,97,96,96,96,95,95,95,95,94,95,94,94,95,94,94,95,95,95,95,95,95,95,95,95,95,95,95,95,96,97,97
96,95,95,95,95,94,94,94,94,94,94,94,94,94,94,94,94,94,94,94,94,94,94,94,94,94,95,95,95,96,95,95,95,94,94,94,94,94,94,94,94,94,94,94,94,94,94,94,94,94,94,94,94,94,94,94,95,95,95,96
97,97,97,96,96,96,95,96,96,95,95,96,95,95,96,96,96,95,96,96,95,96,96,95,96,96,96,97,97,97,97,97,97,96,96,96,95,95,95,95,95,96,95,95,96,95,95,95,96,96,95,96,96,95,96,96,96,97,97,97
97,97,97,96,96,95,95,95,95,95,95,95,95,95,95,95,94,95,95,95,95,95,95,95,95,95,96,97,97,97,97,97,97,96,95,95,95,95,95,95,95,95,95,95,95,95,94,95,95,95,95,95,95,95,95,95,96,97,97,97
97,96,97,95,95,95,95,95,95,95,95,95,95,95,95,95,95,95,95,95,95,95,95,95,95,95,95,96,97,97,97,96,96,95,95,95,95,95,95,95,95,95,95,95,95,95,95,95,95,95,95,95,95,95,95,95,95,96,97,97
PS_Config_Lmt_FW_Diff_P:,,,,,,,,,,,,,,,,,,,,,,,,,,,,,,,,,,,,,,,,,,,,,,,,,,,,,,,,,,,
50,50,50,50,50,50,50,50,50,50,50,50,50,50,50,50,50,50,50,50,50,50,50,50,50,50,50,50,50,50,50,50,50,50,50,50,50,50,50,50,50,50,50,50,50,50,50,50,50,50,50,50,50,50,50,50,50,50,50,50
50,50,50,50,50,50,50,50,50,50,50,50,50,50,50,50,50,50,50,50,50,50,50,50,50,50,50,50,50,50,50,50,50,50,50,50,50,50,50,50,50,50,50,50,50,50,50,50,50,50,50,50,50,50,50,50,50,50,50,50
50,50,50,50,50,50,50,50,50,50,50,50,50,50,50,50,50,50,50,50,50,50,50,50,50,50,50,50,50,50,50,50,50,50,50,50,50,50,50,50,50,50,50,50,50,50,50,50,50,50,50,50,50,50,50,50,50,50,50,50
50,50,50,50,50,50,50,50,50,50,50,50,50,50,50,50,50,50,50,50,50,50,50,50,50,50,50,50,50,50,50,50,50,50,50,50,50,50,50,50,50,50,50,50,50,50,50,50,50,50,50,50,50,50,50,50,50,50,50,50
50,50,50,50,50,50,50,50,50,50,50,50,50,50,50,50,50,50,50,50,50,50,50,50,50,50,50,50,50,50,50,50,50,50,50,50,50,50,50,50,50,50,50,50,50,50,50,50,50,50,50,50,50,50,50,50,50,50,50,50
50,50,50,50,50,50,50,50,50,50,50,50,50,50,50,50,50,50,50,50,50,50,50,50,50,50,50,50,50,50,50,50,50,50,50,50,50,50,50,50,50,50,50,50,50,50,50,50,50,50,50,50,50,50,50,50,50,50,50,50
50,50,50,50,50,50,50,50,50,50,50,50,50,50,50,50,50,50,50,50,50,50,50,50,50,50,50,50,50,50,50,50,50,50,50,50,50,50,50,50,50,50,50,50,50,50,50,50,50,50,50,50,50,50,50,50,50,50,50,50
50,50,50,50,50,50,50,50,50,50,50,50,50,50,50,50,50,50,50,50,50,50,50,50,50,50,50,50,50,50,50,50,50,50,50,50,50,50,50,50,50,50,50,50,50,50,50,50,50,50,50,50,50,50,50,50,50,50,50,50
50,50,50,50,50,50,50,50,50,50,50,50,50,50,50,50,50,50,50,50,50,50,50,50,50,50,50,50,50,50,50,50,50,50,50,50,50,50,50,50,50,50,50,50,50,50,50,50,50,50,50,50,50,50,50,50,50,50,50,50
50,50,50,50,50,50,50,50,50,50,50,50,50,50,50,50,50,50,50,50,50,50,50,50,50,50,50,50,50,50,50,50,50,50,50,50,50,50,50,50,50,50,50,50,50,50,50,50,50,50,50,50,50,50,50,50,50,50,50,50
50,50,50,50,50,50,50,50,50,50,50,50,50,50,50,50,50,50,50,50,50,50,50,50,50,50,50,50,50,50,50,50,50,50,50,50,50,50,50,50,50,50,50,50,50,50,50,50,50,50,50,50,50,50,50,50,50,50,50,50
50,50,50,50,50,50,50,50,50,50,50,50,50,50,50,50,50,50,50,50,50,50,50,50,50,50,50,50,50,50,50,50,50,50,50,50,50,50,50,50,50,50,50,50,50,50,50,50,50,50,50,50,50,50,50,50,50,50,50,50
50,50,50,50,50,50,50,50,50,50,50,50,50,50,50,50,50,50,50,50,50,50,50,50,50,50,50,50,50,50,50,50,50,50,50,50,50,50,50,50,50,50,50,50,50,50,50,50,50,50,50,50,50,50,50,50,50,50,50,50
50,50,50,50,50,50,50,50,50,50,50,50,50,50,50,50,50,50,50,50,50,50,50,50,50,50,50,50,50,50,50,50,50,50,50,50,50,50,50,50,50,50,50,50,50,50,50,50,50,50,50,50,50,50,50,50,50,50,50,50
50,50,50,50,50,50,50,50,50,50,50,50,50,50,50,50,50,50,50,50,50,50,50,50,50,50,50,50,50,50,50,50,50,50,50,50,50,50,50,50,50,50,50,50,50,50,50,50,50,50,50,50,50,50,50,50,50,50,50,50
50,50,50,50,50,50,50,50,50,50,50,50,50,50,50,50,50,50,50,50,50,50,50,50,50,50,50,50,50,50,50,50,50,50,50,50,50,50,50,50,50,50,50,50,50,50,50,50,50,50,50,50,50,50,50,50,50,50,50,50
50,50,50,50,50,50,50,50,50,50,50,50,50,50,50,50,50,50,50,50,50,50,50,50,50,50,50,50,50,50,50,50,50,50,50,50,50,50,50,50,50,50,50,50,50,50,50,50,50,50,50,50,50,50,50,50,50,50,50,50
50,50,50,50,50,50,50,50,50,50,50,50,50,50,50,50,50,50,50,50,50,50,50,50,50,50,50,50,50,50,50,50,50,50,50,50,50,50,50,50,50,50,50,50,50,50,50,50,50,50,50,50,50,50,50,50,50,50,50,50
50,50,50,50,50,50,50,50,50,50,50,50,50,50,50,50,50,50,50,50,50,50,50,50,50,50,50,50,50,50,50,50,50,50,50,50,50,50,50,50,50,50,50,50,50,50,50,50,50,50,50,50,50,50,50,50,50,50,50,50
50,50,50,50,50,50,50,50,50,50,50,50,50,50,50,50,50,50,50,50,50,50,50,50,50,50,50,50,50,50,50,50,50,50,50,50,50,50,50,50,50,50,50,50,50,50,50,50,50,50,50,50,50,50,50,50,50,50,50,50
50,50,50,50,50,50,50,50,50,50,50,50,50,50,50,50,50,50,50,50,50,50,50,50,50,50,50,50,50,50,50,50,50,50,50,50,50,50,50,50,50,50,50,50,50,50,50,50,50,50,50,50,50,50,50,50,50,50,50,50
50,50,50,50,50,50,50,50,50,50,50,50,50,50,50,50,50,50,50,50,50,50,50,50,50,50,50,50,50,50,50,50,50,50,50,50,50,50,50,50,50,50,50,50,50,50,50,50,50,50,50,50,50,50,50,50,50,50,50,50
50,50,50,50,50,50,50,50,50,50,50,50,50,50,50,50,50,50,50,50,50,50,50,50,50,50,50,50,50,50,50,50,50,50,50,50,50,50,50,50,50,50,50,50,50,50,50,50,50,50,50,50,50,50,50,50,50,50,50,50
50,50,50,50,50,50,50,50,50,50,50,50,50,50,50,50,50,50,50,50,50,50,50,50,50,50,50,50,50,50,50,50,50,50,50,50,50,50,50,50,50,50,50,50,50,50,50,50,50,50,50,50,50,50,50,50,50,50,50,50
50,50,50,50,50,50,50,50,50,50,50,50,50,50,50,50,50,50,50,50,50,50,50,50,50,50,50,50,50,50,50,50,50,50,50,50,50,50,50,50,50,50,50,50,50,50,50,50,50,50,50,50,50,50,50,50,50,50,50,50
50,50,50,50,50,50,50,50,50,50,50,50,50,50,50,50,50,50,50,50,50,50,50,50,50,50,50,50,50,50,50,50,50,50,50,50,50,50,50,50,50,50,50,50,50,50,50,50,50,50,50,50,50,50,50,50,50,50,50,50
50,50,50,50,50,50,50,50,50,50,50,50,50,50,50,50,50,50,50,50,50,50,50,50,50,50,50,50,50,50,50,50,50,50,50,50,50,50,50,50,50,50,50,50,50,50,50,50,50,50,50,50,50,50,50,50,50,50,50,50
50,50,50,50,50,50,50,50,50,50,50,50,50,50,50,50,50,50,50,50,50,50,50,50,50,50,50,50,50,50,50,50,50,50,50,50,50,50,50,50,50,50,50,50,50,50,50,50,50,50,50,50,50,50,50,50,50,50,50,50
50,50,50,50,50,50,50,50,50,50,50,50,50,50,50,50,50,50,50,50,50,50,50,50,50,50,50,50,50,50,50,50,50,50,50,50,50,50,50,50,50,50,50,50,50,50,50,50,50,50,50,50,50,50,50,50,50,50,50,50
50,50,50,50,50,50,50,50,50,50,50,50,50,50,50,50,50,50,50,50,50,50,50,50,50,50,50,50,50,50,50,50,50,50,50,50,50,50,50,50,50,50,50,50,50,50,50,50,50,50,50,50,50,50,50,50,50,50,50,50
50,50,50,50,50,50,50,50,50,50,50,50,50,50,50,50,50,50,50,50,50,50,50,50,50,50,50,50,50,50,50,50,50,50,50,50,50,50,50,50,50,50,50,50,50,50,50,50,50,50,50,50,50,50,50,50,50,50,50,50
50,50,50,50,50,50,50,50,50,50,50,50,50,50,50,50,50,50,50,50,50,50,50,50,50,50,50,50,50,50,50,50,50,50,50,50,50,50,50,50,50,50,50,50,50,50,50,50,50,50,50,50,50,50,50,50,50,50,50,50
50,50,50,50,50,50,50,50,50,50,50,50,50,50,50,50,50,50,50,50,50,50,50,50,50,50,50,50,50,50,50,50,50,50,50,50,50,50,50,50,50,50,50,50,50,50,50,50,50,50,50,50,50,50,50,50,50,50,50,50
50,50,50,50,50,50,50,50,50,50,50,50,50,50,50,50,50,50,50,50,50,50,50,50,50,50,50,50,50,50,50,50,50,50,50,50,50,50,50,50,50,50,50,50,50,50,50,50,50,50,50,50,50,50,50,50,50,50,50,50
50,50,50,50,50,50,50,50,50,50,50,50,50,50,50,50,50,50,50,50,50,50,50,50,50,50,50,50,50,50,50,50,50,50,50,50,50,50,50,50,50,50,50,50,50,50,50,50,50,50,50,50,50,50,50,50,50,50,50,50
50,50,50,50,50,50,50,50,50,50,50,50,50,50,50,50,50,50,50,50,50,50,50,50,50,50,50,50,50,50,50,50,50,50,50,50,50,50,50,50,50,50,50,50,50,50,50,50,50,50,50,50,50,50,50,50,50,50,50,50
50,50,50,50,50,50,50,50,50,50,50,50,50,50,50,50,50,50,50,50,50,50,50,50,50,50,50,50,50,50,50,50,50,50,50,50,50,50,50,50,50,50,50,50,50,50,50,50,50,50,50,50,50,50,50,50,50,50,50,50
50,50,50,50,50,50,50,50,50,50,50,50,50,50,50,50,50,50,50,50,50,50,50,50,50,50,50,50,50,50,50,50,50,50,50,50,50,50,50,50,50,50,50,50,50,50,50,50,50,50,50,50,50,50,50,50,50,50,50,50
50,50,50,50,50,50,50,50,50,50,50,50,50,50,50,50,50,50,50,50,50,50,50,50,50,50,50,50,50,50,50,50,50,50,50,50,50,50,50,50,50,50,50,50,50,50,50,50,50,50,50,50,50,50,50,50,50,50,50,50
50,50,50,50,50,50,50,50,50,50,50,50,50,50,50,50,50,50,50,50,50,50,50,50,50,50,50,50,50,50,50,50,50,50,50,50,50,50,50,50,50,50,50,50,50,50,50,50,50,50,50,50,50,50,50,50,50,50,50,50
PS_Config_Lmt_FW_Diff_N:,,,,,,,,,,,,,,,,,,,,,,,,,,,,,,,,,,,,,,,,,,,,,,,,,,,,,,,,,,,
-50,-50,-50,-50,-50,-50,-50,-50,-50,-50,-50,-50,-50,-50,-50,-50,-50,-50,-50,-50,-50,-50,-50,-50,-50,-50,-50,-50,-50,-50,-50,-50,-50,-50,-50,-50,-50,-50,-50,-50,-50,-50,-50,-50,-50,-50,-50,-50,-50,-50,-50,-50,-50,-50,-50,-50,-50,-50,-50,-50
-50,-50,-50,-50,-50,-50,-50,-50,-50,-50,-50,-50,-50,-50,-50,-50,-50,-50,-50,-50,-50,-50,-50,-50,-50,-50,-50,-50,-50,-50,-50,-50,-50,-50,-50,-50,-50,-50,-50,-50,-50,-50,-50,-50,-50,-50,-50,-50,-50,-50,-50,-50,-50,-50,-50,-50,-50,-50,-50,-50
-50,-50,-50,-50,-50,-50,-50,-50,-50,-50,-50,-50,-50,-50,-50,-50,-50,-50,-50,-50,-50,-50,-50,-50,-50,-50,-50,-50,-50,-50,-50,-50,-50,-50,-50,-50,-50,-50,-50,-50,-50,-50,-50,-50,-50,-50,-50,-50,-50,-50,-50,-50,-50,-50,-50,-50,-50,-50,-50,-50
-50,-50,-50,-50,-50,-50,-50,-50,-50,-50,-50,-50,-50,-50,-50,-50,-50,-50,-50,-50,-50,-50,-50,-50,-50,-50,-50,-50,-50,-50,-50,-50,-50,-50,-50,-50,-50,-50,-50,-50,-50,-50,-50,-50,-50,-50,-50,-50,-50,-50,-50,-50,-50,-50,-50,-50,-50,-50,-50,-50
-50,-50,-50,-50,-50,-50,-50,-50,-50,-50,-50,-50,-50,-50,-50,-50,-50,-50,-50,-50,-50,-50,-50,-50,-50,-50,-50,-50,-50,-50,-50,-50,-50,-50,-50,-50,-50,-50,-50,-50,-50,-50,-50,-50,-50,-50,-50,-50,-50,-50,-50,-50,-50,-50,-50,-50,-50,-50,-50,-50
-50,-50,-50,-50,-50,-50,-50,-50,-50,-50,-50,-50,-50,-50,-50,-50,-50,-50,-50,-50,-50,-50,-50,-50,-50,-50,-50,-50,-50,-50,-50,-50,-50,-50,-50,-50,-50,-50,-50,-50,-50,-50,-50,-50,-50,-50,-50,-50,-50,-50,-50,-50,-50,-50,-50,-50,-50,-50,-50,-50
-50,-50,-50,-50,-50,-50,-50,-50,-50,-50,-50,-50,-50,-50,-50,-50,-50,-50,-50,-50,-50,-50,-50,-50,-50,-50,-50,-50,-50,-50,-50,-50,-50,-50,-50,-50,-50,-50,-50,-50,-50,-50,-50,-50,-50,-50,-50,-50,-50,-50,-50,-50,-50,-50,-50,-50,-50,-50,-50,-50
-50,-50,-50,-50,-50,-50,-50,-50,-50,-50,-50,-50,-50,-50,-50,-50,-50,-50,-50,-50,-50,-50,-50,-50,-50,-50,-50,-50,-50,-50,-50,-50,-50,-50,-50,-50,-50,-50,-50,-50,-50,-50,-50,-50,-50,-50,-50,-50,-50,-50,-50,-50,-50,-50,-50,-50,-50,-50,-50,-50
-50,-50,-50,-50,-50,-50,-50,-50,-50,-50,-50,-50,-50,-50,-50,-50,-50,-50,-50,-50,-50,-50,-50,-50,-50,-50,-50,-50,-50,-50,-50,-50,-50,-50,-50,-50,-50,-50,-50,-50,-50,-50,-50,-50,-50,-50,-50,-50,-50,-50,-50,-50,-50,-50,-50,-50,-50,-50,-50,-50
-50,-50,-50,-50,-50,-50,-50,-50,-50,-50,-50,-50,-50,-50,-50,-50,-50,-50,-50,-50,-50,-50,-50,-50,-50,-50,-50,-50,-50,-50,-50,-50,-50,-50,-50,-50,-50,-50,-50,-50,-50,-50,-50,-50,-50,-50,-50,-50,-50,-50,-50,-50,-50,-50,-50,-50,-50,-50,-50,-50
-50,-50,-50,-50,-50,-50,-50,-50,-50,-50,-50,-50,-50,-50,-50,-50,-50,-50,-50,-50,-50,-50,-50,-50,-50,-50,-50,-50,-50,-50,-50,-50,-50,-50,-50,-50,-50,-50,-50,-50,-50,-50,-50,-50,-50,-50,-50,-50,-50,-50,-50,-50,-50,-50,-50,-50,-50,-50,-50,-50
-50,-50,-50,-50,-50,-50,-50,-50,-50,-50,-50,-50,-50,-50,-50,-50,-50,-50,-50,-50,-50,-50,-50,-50,-50,-50,-50,-50,-50,-50,-50,-50,-50,-50,-50,-50,-50,-50,-50,-50,-50,-50,-50,-50,-50,-50,-50,-50,-50,-50,-50,-50,-50,-50,-50,-50,-50,-50,-50,-50
-50,-50,-50,-50,-50,-50,-50,-50,-50,-50,-50,-50,-50,-50,-50,-50,-50,-50,-50,-50,-50,-50,-50,-50,-50,-50,-50,-50,-50,-50,-50,-50,-50,-50,-50,-50,-50,-50,-50,-50,-50,-50,-50,-50,-50,-50,-50,-50,-50,-50,-50,-50,-50,-50,-50,-50,-50,-50,-50,-50
-50,-50,-50,-50,-50,-50,-50,-50,-50,-50,-50,-50,-50,-50,-50,-50,-50,-50,-50,-50,-50,-50,-50,-50,-50,-50,-50,-50,-50,-50,-50,-50,-50,-50,-50,-50,-50,-50,-50,-50,-50,-50,-50,-50,-50,-50,-50,-50,-50,-50,-50,-50,-50,-50,-50,-50,-50,-50,-50,-50
-50,-50,-50,-50,-50,-50,-50,-50,-50,-50,-50,-50,-50,-50,-50,-50,-50,-50,-50,-50,-50,-50,-50,-50,-50,-50,-50,-50,-50,-50,-50,-50,-50,-50,-50,-50,-50,-50,-50,-50,-50,-50,-50,-50,-50,-50,-50,-50,-50,-50,-50,-50,-50,-50,-50,-50,-50,-50,-50,-50
-50,-50,-50,-50,-50,-50,-50,-50,-50,-50,-50,-50,-50,-50,-50,-50,-50,-50,-50,-50,-50,-50,-50,-50,-50,-50,-50,-50,-50,-50,-50,-50,-50,-50,-50,-50,-50,-50,-50,-50,-50,-50,-50,-50,-50,-50,-50,-50,-50,-50,-50,-50,-50,-50,-50,-50,-50,-50,-50,-50
-50,-50,-50,-50,-50,-50,-50,-50,-50,-50,-50,-50,-50,-50,-50,-50,-50,-50,-50,-50,-50,-50,-50,-50,-50,-50,-50,-50,-50,-50,-50,-50,-50,-50,-50,-50,-50,-50,-50,-50,-50,-50,-50,-50,-50,-50,-50,-50,-50,-50,-50,-50,-50,-50,-50,-50,-50,-50,-50,-50
-50,-50,-50,-50,-50,-50,-50,-50,-50,-50,-50,-50,-50,-50,-50,-50,-50,-50,-50,-50,-50,-50,-50,-50,-50,-50,-50,-50,-50,-50,-50,-50,-50,-50,-50,-50,-50,-50,-50,-50,-50,-50,-50,-50,-50,-50,-50,-50,-50,-50,-50,-50,-50,-50,-50,-50,-50,-50,-50,-50
-50,-50,-50,-50,-50,-50,-50,-50,-50,-50,-50,-50,-50,-50,-50,-50,-50,-50,-50,-50,-50,-50,-50,-50,-50,-50,-50,-50,-50,-50,-50,-50,-50,-50,-50,-50,-50,-50,-50,-50,-50,-50,-50,-50,-50,-50,-50,-50,-50,-50,-50,-50,-50,-50,-50,-50,-50,-50,-50,-50
-50,-50,-50,-50,-50,-50,-50,-50,-50,-50,-50,-50,-50,-50,-50,-50,-50,-50,-50,-50,-50,-50,-50,-50,-50,-50,-50,-50,-50,-50,-50,-50,-50,-50,-50,-50,-50,-50,-50,-50,-50,-50,-50,-50,-50,-50,-50,-50,-50,-50,-50,-50,-50,-50,-50,-50,-50,-50,-50,-50
-50,-50,-50,-50,-50,-50,-50,-50,-50,-50,-50,-50,-50,-50,-50,-50,-50,-50,-50,-50,-50,-50,-50,-50,-50,-50,-50,-50,-50,-50,-50,-50,-50,-50,-50,-50,-50,-50,-50,-50,-50,-50,-50,-50,-50,-50,-50,-50,-50,-50,-50,-50,-50,-50,-50,-50,-50,-50,-50,-50
-50,-50,-50,-50,-50,-50,-50,-50,-50,-50,-50,-50,-50,-50,-50,-50,-50,-50,-50,-50,-50,-50,-50,-50,-50,-50,-50,-50,-50,-50,-50,-50,-50,-50,-50,-50,-50,-50,-50,-50,-50,-50,-50,-50,-50,-50,-50,-50,-50,-50,-50,-50,-50,-50,-50,-50,-50,-50,-50,-50
-50,-50,-50,-50,-50,-50,-50,-50,-50,-50,-50,-50,-50,-50,-50,-50,-50,-50,-50,-50,-50,-50,-50,-50,-50,-50,-50,-50,-50,-50,-50,-50,-50,-50,-50,-50,-50,-50,-50,-50,-50,-50,-50,-50,-50,-50,-50,-50,-50,-50,-50,-50,-50,-50,-50,-50,-50,-50,-50,-50
-50,-50,-50,-50,-50,-50,-50,-50,-50,-50,-50,-50,-50,-50,-50,-50,-50,-50,-50,-50,-50,-50,-50,-50,-50,-50,-50,-50,-50,-50,-50,-50,-50,-50,-50,-50,-50,-50,-50,-50,-50,-50,-50,-50,-50,-50,-50,-50,-50,-50,-50,-50,-50,-50,-50,-50,-50,-50,-50,-50
-50,-50,-50,-50,-50,-50,-50,-50,-50,-50,-50,-50,-50,-50,-50,-50,-50,-50,-50,-50,-50,-50,-50,-50,-50,-50,-50,-50,-50,-50,-50,-50,-50,-50,-50,-50,-50,-50,-50,-50,-50,-50,-50,-50,-50,-50,-50,-50,-50,-50,-50,-50,-50,-50,-50,-50,-50,-50,-50,-50
-50,-50,-50,-50,-50,-50,-50,-50,-50,-50,-50,-50,-50,-50,-50,-50,-50,-50,-50,-50,-50,-50,-50,-50,-50,-50,-50,-50,-50,-50,-50,-50,-50,-50,-50,-50,-50,-50,-50,-50,-50,-50,-50,-50,-50,-50,-50,-50,-50,-50,-50,-50,-50,-50,-50,-50,-50,-50,-50,-50
-50,-50,-50,-50,-50,-50,-50,-50,-50,-50,-50,-50,-50,-50,-50,-50,-50,-50,-50,-50,-50,-50,-50,-50,-50,-50,-50,-50,-50,-50,-50,-50,-50,-50,-50,-50,-50,-50,-50,-50,-50,-50,-50,-50,-50,-50,-50,-50,-50,-50,-50,-50,-50,-50,-50,-50,-50,-50,-50,-50
-50,-50,-50,-50,-50,-50,-50,-50,-50,-50,-50,-50,-50,-50,-50,-50,-50,-50,-50,-50,-50,-50,-50,-50,-50,-50,-50,-50,-50,-50,-50,-50,-50,-50,-50,-50,-50,-50,-50,-50,-50,-50,-50,-50,-50,-50,-50,-50,-50,-50,-50,-50,-50,-50,-50,-50,-50,-50,-50,-50
-50,-50,-50,-50,-50,-50,-50,-50,-50,-50,-50,-50,-50,-50,-50,-50,-50,-50,-50,-50,-50,-50,-50,-50,-50,-50,-50,-50,-50,-50,-50,-50,-50,-50,-50,-50,-50,-50,-50,-50,-50,-50,-50,-50,-50,-50,-50,-50,-50,-50,-50,-50,-50,-50,-50,-50,-50,-50,-50,-50
-50,-50,-50,-50,-50,-50,-50,-50,-50,-50,-50,-50,-50,-50,-50,-50,-50,-50,-50,-50,-50,-50,-50,-50,-50,-50,-50,-50,-50,-50,-50,-50,-50,-50,-50,-50,-50,-50,-50,-50,-50,-50,-50,-50,-50,-50,-50,-50,-50,-50,-50,-50,-50,-50,-50,-50,-50,-50,-50,-50
-50,-50,-50,-50,-50,-50,-50,-50,-50,-50,-50,-50,-50,-50,-50,-50,-50,-50,-50,-50,-50,-50,-50,-50,-50,-50,-50,-50,-50,-50,-50,-50,-50,-50,-50,-50,-50,-50,-50,-50,-50,-50,-50,-50,-50,-50,-50,-50,-50,-50,-50,-50,-50,-50,-50,-50,-50,-50,-50,-50
-50,-50,-50,-50,-50,-50,-50,-50,-50,-50,-50,-50,-50,-50,-50,-50,-50,-50,-50,-50,-50,-50,-50,-50,-50,-50,-50,-50,-50,-50,-50,-50,-50,-50,-50,-50,-50,-50,-50,-50,-50,-50,-50,-50,-50,-50,-50,-50,-50,-50,-50,-50,-50,-50,-50,-50,-50,-50,-50,-50
-50,-50,-50,-50,-50,-50,-50,-50,-50,-50,-50,-50,-50,-50,-50,-50,-50,-50,-50,-50,-50,-50,-50,-50,-50,-50,-50,-50,-50,-50,-50,-50,-50,-50,-50,-50,-50,-50,-50,-50,-50,-50,-50,-50,-50,-50,-50,-50,-50,-50,-50,-50,-50,-50,-50,-50,-50,-50,-50,-50
-50,-50,-50,-50,-50,-50,-50,-50,-50,-50,-50,-50,-50,-50,-50,-50,-50,-50,-50,-50,-50,-50,-50,-50,-50,-50,-50,-50,-50,-50,-50,-50,-50,-50,-50,-50,-50,-50,-50,-50,-50,-50,-50,-50,-50,-50,-50,-50,-50,-50,-50,-50,-50,-50,-50,-50,-50,-50,-50,-50
-50,-50,-50,-50,-50,-50,-50,-50,-50,-50,-50,-50,-50,-50,-50,-50,-50,-50,-50,-50,-50,-50,-50,-50,-50,-50,-50,-50,-50,-50,-50,-50,-50,-50,-50,-50,-50,-50,-50,-50,-50,-50,-50,-50,-50,-50,-50,-50,-50,-50,-50,-50,-50,-50,-50,-50,-50,-50,-50,-50
-50,-50,-50,-50,-50,-50,-50,-50,-50,-50,-50,-50,-50,-50,-50,-50,-50,-50,-50,-50,-50,-50,-50,-50,-50,-50,-50,-50,-50,-50,-50,-50,-50,-50,-50,-50,-50,-50,-50,-50,-50,-50,-50,-50,-50,-50,-50,-50,-50,-50,-50,-50,-50,-50,-50,-50,-50,-50,-50,-50
-50,-50,-50,-50,-50,-50,-50,-50,-50,-50,-50,-50,-50,-50,-50,-50,-50,-50,-50,-50,-50,-50,-50,-50,-50,-50,-50,-50,-50,-50,-50,-50,-50,-50,-50,-50,-50,-50,-50,-50,-50,-50,-50,-50,-50,-50,-50,-50,-50,-50,-50,-50,-50,-50,-50,-50,-50,-50,-50,-50
-50,-50,-50,-50,-50,-50,-50,-50,-50,-50,-50,-50,-50,-50,-50,-50,-50,-50,-50,-50,-50,-50,-50,-50,-50,-50,-50,-50,-50,-50,-50,-50,-50,-50,-50,-50,-50,-50,-50,-50,-50,-50,-50,-50,-50,-50,-50,-50,-50,-50,-50,-50,-50,-50,-50,-50,-50,-50,-50,-50
-50,-50,-50,-50,-50,-50,-50,-50,-50,-50,-50,-50,-50,-50,-50,-50,-50,-50,-50,-50,-50,-50,-50,-50,-50,-50,-50,-50,-50,-50,-50,-50,-50,-50,-50,-50,-50,-50,-50,-50,-50,-50,-50,-50,-50,-50,-50,-50,-50,-50,-50,-50,-50,-50,-50,-50,-50,-50,-50,-50
-50,-50,-50,-50,-50,-50,-50,-50,-50,-50,-50,-50,-50,-50,-50,-50,-50,-50,-50,-50,-50,-50,-50,-50,-50,-50,-50,-50,-50,-50,-50,-50,-50,-50,-50,-50,-50,-50,-50,-50,-50,-50,-50,-50,-50,-50,-50,-50,-50,-50,-50,-50,-50,-50,-50,-50,-50,-50,-50,-50
PS_Config_Lmt_PenTipX_FW_Raw_P:,,,,,,,,,,,,,,,,,,,,,,,,,,,,,,,,,,,,,,,,,,,,,,,,,,,,,,,,,,,
120,120,120,120,120,120,120,120,120,120,120,120,120,120,120,120,120,120,120,120,120,120,120,120,120,120,120,120,120,120,120,120,120,120,120,120,120,120,120,120,120,120,120,120,120,120,120,120,120,120,120,120,120,120,120,120,120,120,120,120
120,120,120,120,120,120,120,120,120,120,120,120,120,120,120,120,120,120,120,120,120,120,120,120,120,120,120,120,120,120,120,120,120,120,120,120,120,120,120,120,120,120,120,120,120,120,120,120,120,120,120,120,120,120,120,120,120,120,120,120
120,120,120,120,120,120,120,120,120,120,120,120,120,120,120,120,120,120,120,120,120,120,120,120,120,120,120,120,120,120,120,120,120,120,120,120,120,120,120,120,120,120,120,120,120,120,120,120,120,120,120,120,120,120,120,120,120,120,120,120
120,120,120,120,120,120,120,120,120,120,120,120,120,120,120,120,120,120,120,120,120,120,120,120,120,120,120,120,120,120,120,120,120,120,120,120,120,120,120,120,120,120,120,120,120,120,120,120,120,120,120,120,120,120,120,120,120,120,120,120
120,120,120,120,120,120,120,120,120,120,120,120,120,120,120,120,120,120,120,120,120,120,120,120,120,120,120,120,120,120,120,120,120,120,120,120,120,120,120,120,120,120,120,120,120,120,120,120,120,120,120,120,120,120,120,120,120,120,120,120
120,120,120,120,120,120,120,120,120,120,120,120,120,120,120,120,120,120,120,120,120,120,120,120,120,120,120,120,120,120,120,120,120,120,120,120,120,120,120,120,120,120,120,120,120,120,120,120,120,120,120,120,120,120,120,120,120,120,120,120
120,120,120,120,120,120,120,120,120,120,120,120,120,120,120,120,120,120,120,120,120,120,120,120,120,120,120,120,120,120,120,120,120,120,120,120,120,120,120,120,120,120,120,120,120,120,120,120,120,120,120,120,120,120,120,120,120,120,120,120
120,120,120,120,120,120,120,120,120,120,120,120,120,120,120,120,120,120,120,120,120,120,120,120,120,120,120,120,120,120,120,120,120,120,120,120,120,120,120,120,120,120,120,120,120,120,120,120,120,120,120,120,120,120,120,120,120,120,120,120
PS_Config_Lmt_PenTipX_FW_Raw_N:,,,,,,,,,,,,,,,,,,,,,,,,,,,,,,,,,,,,,,,,,,,,,,,,,,,,,,,,,,,
0,0,0,0,0,0,0,0,0,0,0,0,0,0,0,0,0,0,0,0,0,0,0,0,0,0,0,0,0,0,0,0,0,0,0,0,0,0,0,0,0,0,0,0,0,0,0,0,0,0,0,0,0,0,0,0,0,0,0,0
0,0,0,0,0,0,0,0,0,0,0,0,0,0,0,0,0,0,0,0,0,0,0,0,0,0,0,0,0,0,0,0,0,0,0,0,0,0,0,0,0,0,0,0,0,0,0,0,0,0,0,0,0,0,0,0,0,0,0,0
0,0,0,0,0,0,0,0,0,0,0,0,0,0,0,0,0,0,0,0,0,0,0,0,0,0,0,0,0,0,0,0,0,0,0,0,0,0,0,0,0,0,0,0,0,0,0,0,0,0,0,0,0,0,0,0,0,0,0,0
0,0,0,0,0,0,0,0,0,0,0,0,0,0,0,0,0,0,0,0,0,0,0,0,0,0,0,0,0,0,0,0,0,0,0,0,0,0,0,0,0,0,0,0,0,0,0,0,0,0,0,0,0,0,0,0,0,0,0,0
0,0,0,0,0,0,0,0,0,0,0,0,0,0,0,0,0,0,0,0,0,0,0,0,0,0,0,0,0,0,0,0,0,0,0,0,0,0,0,0,0,0,0,0,0,0,0,0,0,0,0,0,0,0,0,0,0,0,0,0
0,0,0,0,0,0,0,0,0,0,0,0,0,0,0,0,0,0,0,0,0,0,0,0,0,0,0,0,0,0,0,0,0,0,0,0,0,0,0,0,0,0,0,0,0,0,0,0,0,0,0,0,0,0,0,0,0,0,0,0
0,0,0,0,0,0,0,0,0,0,0,0,0,0,0,0,0,0,0,0,0,0,0,0,0,0,0,0,0,0,0,0,0,0,0,0,0,0,0,0,0,0,0,0,0,0,0,0,0,0,0,0,0,0,0,0,0,0,0,0
0,0,0,0,0,0,0,0,0,0,0,0,0,0,0,0,0,0,0,0,0,0,0,0,0,0,0,0,0,0,0,0,0,0,0,0,0,0,0,0,0,0,0,0,0,0,0,0,0,0,0,0,0,0,0,0,0,0,0,0
PS_Config_Lmt_PenTipY_FW_Raw_P:,,,,,,,,,,,,,,,,,,,,,,,,,,,,,,,,,,,,,,,,,,,,,,,,,,,,,,,,,,,
120,120,120,120,120,120,120,120,120,120,120,120,,,,,,,,,,,,,,,,,,,,,,,,,,,,,,,,,,,,,,,,,,,,,,,,
120,120,120,120,120,120,120,120,120,120,120,120,,,,,,,,,,,,,,,,,,,,,,,,,,,,,,,,,,,,,,,,,,,,,,,,
120,120,120,120,120,120,120,120,120,120,120,120,,,,,,,,,,,,,,,,,,,,,,,,,,,,,,,,,,,,,,,,,,,,,,,,
120,120,120,120,120,120,120,120,120,120,120,120,,,,,,,,,,,,,,,,,,,,,,,,,,,,,,,,,,,,,,,,,,,,,,,,
120,120,120,120,120,120,120,120,120,120,120,120,,,,,,,,,,,,,,,,,,,,,,,,,,,,,,,,,,,,,,,,,,,,,,,,
120,120,120,120,120,120,120,120,120,120,120,120,,,,,,,,,,,,,,,,,,,,,,,,,,,,,,,,,,,,,,,,,,,,,,,,
120,120,120,120,120,120,120,120,120,120,120,120,,,,,,,,,,,,,,,,,,,,,,,,,,,,,,,,,,,,,,,,,,,,,,,,
120,120,120,120,120,120,120,120,120,120,120,120,,,,,,,,,,,,,,,,,,,,,,,,,,,,,,,,,,,,,,,,,,,,,,,,
120,120,120,120,120,120,120,120,120,120,120,120,,,,,,,,,,,,,,,,,,,,,,,,,,,,,,,,,,,,,,,,,,,,,,,,
120,120,120,120,120,120,120,120,120,120,120,120,,,,,,,,,,,,,,,,,,,,,,,,,,,,,,,,,,,,,,,,,,,,,,,,
120,120,120,120,120,120,120,120,120,120,120,120,,,,,,,,,,,,,,,,,,,,,,,,,,,,,,,,,,,,,,,,,,,,,,,,
120,120,120,120,120,120,120,120,120,120,120,120,,,,,,,,,,,,,,,,,,,,,,,,,,,,,,,,,,,,,,,,,,,,,,,,
120,120,120,120,120,120,120,120,120,120,120,120,,,,,,,,,,,,,,,,,,,,,,,,,,,,,,,,,,,,,,,,,,,,,,,,
120,120,120,120,120,120,120,120,120,120,120,120,,,,,,,,,,,,,,,,,,,,,,,,,,,,,,,,,,,,,,,,,,,,,,,,
120,120,120,120,120,120,120,120,120,120,120,120,,,,,,,,,,,,,,,,,,,,,,,,,,,,,,,,,,,,,,,,,,,,,,,,
120,120,120,120,120,120,120,120,120,120,120,120,,,,,,,,,,,,,,,,,,,,,,,,,,,,,,,,,,,,,,,,,,,,,,,,
120,120,120,120,120,120,120,120,120,120,120,120,,,,,,,,,,,,,,,,,,,,,,,,,,,,,,,,,,,,,,,,,,,,,,,,
120,120,120,120,120,120,120,120,120,120,120,120,,,,,,,,,,,,,,,,,,,,,,,,,,,,,,,,,,,,,,,,,,,,,,,,
120,120,120,120,120,120,120,120,120,120,120,120,,,,,,,,,,,,,,,,,,,,,,,,,,,,,,,,,,,,,,,,,,,,,,,,
120,120,120,120,120,120,120,120,120,120,120,120,,,,,,,,,,,,,,,,,,,,,,,,,,,,,,,,,,,,,,,,,,,,,,,,
120,120,120,120,120,120,120,120,120,120,120,120,,,,,,,,,,,,,,,,,,,,,,,,,,,,,,,,,,,,,,,,,,,,,,,,
120,120,120,120,120,120,120,120,120,120,120,120,,,,,,,,,,,,,,,,,,,,,,,,,,,,,,,,,,,,,,,,,,,,,,,,
120,120,120,120,120,120,120,120,120,120,120,120,,,,,,,,,,,,,,,,,,,,,,,,,,,,,,,,,,,,,,,,,,,,,,,,
120,120,120,120,120,120,120,120,120,120,120,120,,,,,,,,,,,,,,,,,,,,,,,,,,,,,,,,,,,,,,,,,,,,,,,,
120,120,120,120,120,120,120,120,120,120,120,120,,,,,,,,,,,,,,,,,,,,,,,,,,,,,,,,,,,,,,,,,,,,,,,,
120,120,120,120,120,120,120,120,120,120,120,120,,,,,,,,,,,,,,,,,,,,,,,,,,,,,,,,,,,,,,,,,,,,,,,,
120,120,120,120,120,120,120,120,120,120,120,120,,,,,,,,,,,,,,,,,,,,,,,,,,,,,,,,,,,,,,,,,,,,,,,,
120,120,120,120,120,120,120,120,120,120,120,120,,,,,,,,,,,,,,,,,,,,,,,,,,,,,,,,,,,,,,,,,,,,,,,,
120,120,120,120,120,120,120,120,120,120,120,120,,,,,,,,,,,,,,,,,,,,,,,,,,,,,,,,,,,,,,,,,,,,,,,,
120,120,120,120,120,120,120,120,120,120,120,120,,,,,,,,,,,,,,,,,,,,,,,,,,,,,,,,,,,,,,,,,,,,,,,,
120,120,120,120,120,120,120,120,120,120,120,120,,,,,,,,,,,,,,,,,,,,,,,,,,,,,,,,,,,,,,,,,,,,,,,,
120,120,120,120,120,120,120,120,120,120,120,120,,,,,,,,,,,,,,,,,,,,,,,,,,,,,,,,,,,,,,,,,,,,,,,,
120,120,120,120,120,120,120,120,120,120,120,120,,,,,,,,,,,,,,,,,,,,,,,,,,,,,,,,,,,,,,,,,,,,,,,,
120,120,120,120,120,120,120,120,120,120,120,120,,,,,,,,,,,,,,,,,,,,,,,,,,,,,,,,,,,,,,,,,,,,,,,,
120,120,120,120,120,120,120,120,120,120,120,120,,,,,,,,,,,,,,,,,,,,,,,,,,,,,,,,,,,,,,,,,,,,,,,,
120,120,120,120,120,120,120,120,120,120,120,120,,,,,,,,,,,,,,,,,,,,,,,,,,,,,,,,,,,,,,,,,,,,,,,,
120,120,120,120,120,120,120,120,120,120,120,120,,,,,,,,,,,,,,,,,,,,,,,,,,,,,,,,,,,,,,,,,,,,,,,,
120,120,120,120,120,120,120,120,120,120,120,120,,,,,,,,,,,,,,,,,,,,,,,,,,,,,,,,,,,,,,,,,,,,,,,,
120,120,120,120,120,120,120,120,120,120,120,120,,,,,,,,,,,,,,,,,,,,,,,,,,,,,,,,,,,,,,,,,,,,,,,,
120,120,120,120,120,120,120,120,120,120,120,120,,,,,,,,,,,,,,,,,,,,,,,,,,,,,,,,,,,,,,,,,,,,,,,,
PS_Config_Lmt_PenTipY_FW_Raw_N:,,,,,,,,,,,,,,,,,,,,,,,,,,,,,,,,,,,,,,,,,,,,,,,,,,,,,,,,,,,
0,0,0,0,0,0,0,0,0,0,0,0,,,,,,,,,,,,,,,,,,,,,,,,,,,,,,,,,,,,,,,,,,,,,,,,
0,0,0,0,0,0,0,0,0,0,0,0,,,,,,,,,,,,,,,,,,,,,,,,,,,,,,,,,,,,,,,,,,,,,,,,
0,0,0,0,0,0,0,0,0,0,0,0,,,,,,,,,,,,,,,,,,,,,,,,,,,,,,,,,,,,,,,,,,,,,,,,
0,0,0,0,0,0,0,0,0,0,0,0,,,,,,,,,,,,,,,,,,,,,,,,,,,,,,,,,,,,,,,,,,,,,,,,
0,0,0,0,0,0,0,0,0,0,0,0,,,,,,,,,,,,,,,,,,,,,,,,,,,,,,,,,,,,,,,,,,,,,,,,
0,0,0,0,0,0,0,0,0,0,0,0,,,,,,,,,,,,,,,,,,,,,,,,,,,,,,,,,,,,,,,,,,,,,,,,
0,0,0,0,0,0,0,0,0,0,0,0,,,,,,,,,,,,,,,,,,,,,,,,,,,,,,,,,,,,,,,,,,,,,,,,
0,0,0,0,0,0,0,0,0,0,0,0,,,,,,,,,,,,,,,,,,,,,,,,,,,,,,,,,,,,,,,,,,,,,,,,
0,0,0,0,0,0,0,0,0,0,0,0,,,,,,,,,,,,,,,,,,,,,,,,,,,,,,,,,,,,,,,,,,,,,,,,
0,0,0,0,0,0,0,0,0,0,0,0,,,,,,,,,,,,,,,,,,,,,,,,,,,,,,,,,,,,,,,,,,,,,,,,
0,0,0,0,0,0,0,0,0,0,0,0,,,,,,,,,,,,,,,,,,,,,,,,,,,,,,,,,,,,,,,,,,,,,,,,
0,0,0,0,0,0,0,0,0,0,0,0,,,,,,,,,,,,,,,,,,,,,,,,,,,,,,,,,,,,,,,,,,,,,,,,
0,0,0,0,0,0,0,0,0,0,0,0,,,,,,,,,,,,,,,,,,,,,,,,,,,,,,,,,,,,,,,,,,,,,,,,
0,0,0,0,0,0,0,0,0,0,0,0,,,,,,,,,,,,,,,,,,,,,,,,,,,,,,,,,,,,,,,,,,,,,,,,
0,0,0,0,0,0,0,0,0,0,0,0,,,,,,,,,,,,,,,,,,,,,,,,,,,,,,,,,,,,,,,,,,,,,,,,
0,0,0,0,0,0,0,0,0,0,0,0,,,,,,,,,,,,,,,,,,,,,,,,,,,,,,,,,,,,,,,,,,,,,,,,
0,0,0,0,0,0,0,0,0,0,0,0,,,,,,,,,,,,,,,,,,,,,,,,,,,,,,,,,,,,,,,,,,,,,,,,
0,0,0,0,0,0,0,0,0,0,0,0,,,,,,,,,,,,,,,,,,,,,,,,,,,,,,,,,,,,,,,,,,,,,,,,
0,0,0,0,0,0,0,0,0,0,0,0,,,,,,,,,,,,,,,,,,,,,,,,,,,,,,,,,,,,,,,,,,,,,,,,
0,0,0,0,0,0,0,0,0,0,0,0,,,,,,,,,,,,,,,,,,,,,,,,,,,,,,,,,,,,,,,,,,,,,,,,
0,0,0,0,0,0,0,0,0,0,0,0,,,,,,,,,,,,,,,,,,,,,,,,,,,,,,,,,,,,,,,,,,,,,,,,
0,0,0,0,0,0,0,0,0,0,0,0,,,,,,,,,,,,,,,,,,,,,,,,,,,,,,,,,,,,,,,,,,,,,,,,
0,0,0,0,0,0,0,0,0,0,0,0,,,,,,,,,,,,,,,,,,,,,,,,,,,,,,,,,,,,,,,,,,,,,,,,
0,0,0,0,0,0,0,0,0,0,0,0,,,,,,,,,,,,,,,,,,,,,,,,,,,,,,,,,,,,,,,,,,,,,,,,
0,0,0,0,0,0,0,0,0,0,0,0,,,,,,,,,,,,,,,,,,,,,,,,,,,,,,,,,,,,,,,,,,,,,,,,
0,0,0,0,0,0,0,0,0,0,0,0,,,,,,,,,,,,,,,,,,,,,,,,,,,,,,,,,,,,,,,,,,,,,,,,
0,0,0,0,0,0,0,0,0,0,0,0,,,,,,,,,,,,,,,,,,,,,,,,,,,,,,,,,,,,,,,,,,,,,,,,
0,0,0,0,0,0,0,0,0,0,0,0,,,,,,,,,,,,,,,,,,,,,,,,,,,,,,,,,,,,,,,,,,,,,,,,
0,0,0,0,0,0,0,0,0,0,0,0,,,,,,,,,,,,,,,,,,,,,,,,,,,,,,,,,,,,,,,,,,,,,,,,
0,0,0,0,0,0,0,0,0,0,0,0,,,,,,,,,,,,,,,,,,,,,,,,,,,,,,,,,,,,,,,,,,,,,,,,
0,0,0,0,0,0,0,0,0,0,0,0,,,,,,,,,,,,,,,,,,,,,,,,,,,,,,,,,,,,,,,,,,,,,,,,
0,0,0,0,0,0,0,0,0,0,0,0,,,,,,,,,,,,,,,,,,,,,,,,,,,,,,,,,,,,,,,,,,,,,,,,
0,0,0,0,0,0,0,0,0,0,0,0,,,,,,,,,,,,,,,,,,,,,,,,,,,,,,,,,,,,,,,,,,,,,,,,
0,0,0,0,0,0,0,0,0,0,0,0,,,,,,,,,,,,,,,,,,,,,,,,,,,,,,,,,,,,,,,,,,,,,,,,
0,0,0,0,0,0,0,0,0,0,0,0,,,,,,,,,,,,,,,,,,,,,,,,,,,,,,,,,,,,,,,,,,,,,,,,
0,0,0,0,0,0,0,0,0,0,0,0,,,,,,,,,,,,,,,,,,,,,,,,,,,,,,,,,,,,,,,,,,,,,,,,
0,0,0,0,0,0,0,0,0,0,0,0,,,,,,,,,,,,,,,,,,,,,,,,,,,,,,,,,,,,,,,,,,,,,,,,
0,0,0,0,0,0,0,0,0,0,0,0,,,,,,,,,,,,,,,,,,,,,,,,,,,,,,,,,,,,,,,,,,,,,,,,
0,0,0,0,0,0,0,0,0,0,0,0,,,,,,,,,,,,,,,,,,,,,,,,,,,,,,,,,,,,,,,,,,,,,,,,
0,0,0,0,0,0,0,0,0,0,0,0,,,,,,,,,,,,,,,,,,,,,,,,,,,,,,,,,,,,,,,,,,,,,,,,
PS_Config_Lmt_PenRingX_FW_Raw_P:,,,,,,,,,,,,,,,,,,,,,,,,,,,,,,,,,,,,,,,,,,,,,,,,,,,,,,,,,,,
240,240,240,240,240,240,240,240,240,240,240,240,240,240,240,240,240,240,240,240,240,240,240,240,240,240,240,240,240,240,240,240,240,240,240,240,240,240,240,240,240,240,240,240,240,240,240,240,240,240,240,240,240,240,240,240,240,240,240,240
240,240,240,240,240,240,240,240,240,240,240,240,240,240,240,240,240,240,240,240,240,240,240,240,240,240,240,240,240,240,240,240,240,240,240,240,240,240,240,240,240,240,240,240,240,240,240,240,240,240,240,240,240,240,240,240,240,240,240,240
240,240,240,240,240,240,240,240,240,240,240,240,240,240,240,240,240,240,240,240,240,240,240,240,240,240,240,240,240,240,240,240,240,240,240,240,240,240,240,240,240,240,240,240,240,240,240,240,240,240,240,240,240,240,240,240,240,240,240,240
240,240,240,240,240,240,240,240,240,240,240,240,240,240,240,240,240,240,240,240,240,240,240,240,240,240,240,240,240,240,240,240,240,240,240,240,240,240,240,240,240,240,240,240,240,240,240,240,240,240,240,240,240,240,240,240,240,240,240,240
240,240,240,240,240,240,240,240,240,240,240,240,240,240,240,240,240,240,240,240,240,240,240,240,240,240,240,240,240,240,240,240,240,240,240,240,240,240,240,240,240,240,240,240,240,240,240,240,240,240,240,240,240,240,240,240,240,240,240,240
240,240,240,240,240,240,240,240,240,240,240,240,240,240,240,240,240,240,240,240,240,240,240,240,240,240,240,240,240,240,240,240,240,240,240,240,240,240,240,240,240,240,240,240,240,240,240,240,240,240,240,240,240,240,240,240,240,240,240,240
240,240,240,240,240,240,240,240,240,240,240,240,240,240,240,240,240,240,240,240,240,240,240,240,240,240,240,240,240,240,240,240,240,240,240,240,240,240,240,240,240,240,240,240,240,240,240,240,240,240,240,240,240,240,240,240,240,240,240,240
240,240,240,240,240,240,240,240,240,240,240,240,240,240,240,240,240,240,240,240,240,240,240,240,240,240,240,240,240,240,240,240,240,240,240,240,240,240,240,240,240,240,240,240,240,240,240,240,240,240,240,240,240,240,240,240,240,240,240,240
PS_Config_Lmt_PenRingX_FW_Raw_N:,,,,,,,,,,,,,,,,,,,,,,,,,,,,,,,,,,,,,,,,,,,,,,,,,,,,,,,,,,,
0,0,0,0,0,0,0,0,0,0,0,0,0,0,0,0,0,0,0,0,0,0,0,0,0,0,0,0,0,0,0,0,0,0,0,0,0,0,0,0,0,0,0,0,0,0,0,0,0,0,0,0,0,0,0,0,0,0,0,0
0,0,0,0,0,0,0,0,0,0,0,0,0,0,0,0,0,0,0,0,0,0,0,0,0,0,0,0,0,0,0,0,0,0,0,0,0,0,0,0,0,0,0,0,0,0,0,0,0,0,0,0,0,0,0,0,0,0,0,0
0,0,0,0,0,0,0,0,0,0,0,0,0,0,0,0,0,0,0,0,0,0,0,0,0,0,0,0,0,0,0,0,0,0,0,0,0,0,0,0,0,0,0,0,0,0,0,0,0,0,0,0,0,0,0,0,0,0,0,0
0,0,0,0,0,0,0,0,0,0,0,0,0,0,0,0,0,0,0,0,0,0,0,0,0,0,0,0,0,0,0,0,0,0,0,0,0,0,0,0,0,0,0,0,0,0,0,0,0,0,0,0,0,0,0,0,0,0,0,0
0,0,0,0,0,0,0,0,0,0,0,0,0,0,0,0,0,0,0,0,0,0,0,0,0,0,0,0,0,0,0,0,0,0,0,0,0,0,0,0,0,0,0,0,0,0,0,0,0,0,0,0,0,0,0,0,0,0,0,0
0,0,0,0,0,0,0,0,0,0,0,0,0,0,0,0,0,0,0,0,0,0,0,0,0,0,0,0,0,0,0,0,0,0,0,0,0,0,0,0,0,0,0,0,0,0,0,0,0,0,0,0,0,0,0,0,0,0,0,0
0,0,0,0,0,0,0,0,0,0,0,0,0,0,0,0,0,0,0,0,0,0,0,0,0,0,0,0,0,0,0,0,0,0,0,0,0,0,0,0,0,0,0,0,0,0,0,0,0,0,0,0,0,0,0,0,0,0,0,0
0,0,0,0,0,0,0,0,0,0,0,0,0,0,0,0,0,0,0,0,0,0,0,0,0,0,0,0,0,0,0,0,0,0,0,0,0,0,0,0,0,0,0,0,0,0,0,0,0,0,0,0,0,0,0,0,0,0,0,0
PS_Config_Lmt_PenRingY_FW_Raw_P:,,,,,,,,,,,,,,,,,,,,,,,,,,,,,,,,,,,,,,,,,,,,,,,,,,,,,,,,,,,
240,240,240,240,240,240,240,240,240,240,240,240,,,,,,,,,,,,,,,,,,,,,,,,,,,,,,,,,,,,,,,,,,,,,,,,
240,240,240,240,240,240,240,240,240,240,240,240,,,,,,,,,,,,,,,,,,,,,,,,,,,,,,,,,,,,,,,,,,,,,,,,
240,240,240,240,240,240,240,240,240,240,240,240,,,,,,,,,,,,,,,,,,,,,,,,,,,,,,,,,,,,,,,,,,,,,,,,
240,240,240,240,240,240,240,240,240,240,240,240,,,,,,,,,,,,,,,,,,,,,,,,,,,,,,,,,,,,,,,,,,,,,,,,
240,240,240,240,240,240,240,240,240,240,240,240,,,,,,,,,,,,,,,,,,,,,,,,,,,,,,,,,,,,,,,,,,,,,,,,
240,240,240,240,240,240,240,240,240,240,240,240,,,,,,,,,,,,,,,,,,,,,,,,,,,,,,,,,,,,,,,,,,,,,,,,
240,240,240,240,240,240,240,240,240,240,240,240,,,,,,,,,,,,,,,,,,,,,,,,,,,,,,,,,,,,,,,,,,,,,,,,
240,240,240,240,240,240,240,240,240,240,240,240,,,,,,,,,,,,,,,,,,,,,,,,,,,,,,,,,,,,,,,,,,,,,,,,
240,240,240,240,240,240,240,240,240,240,240,240,,,,,,,,,,,,,,,,,,,,,,,,,,,,,,,,,,,,,,,,,,,,,,,,
240,240,240,240,240,240,240,240,240,240,240,240,,,,,,,,,,,,,,,,,,,,,,,,,,,,,,,,,,,,,,,,,,,,,,,,
240,240,240,240,240,240,240,240,240,240,240,240,,,,,,,,,,,,,,,,,,,,,,,,,,,,,,,,,,,,,,,,,,,,,,,,
240,240,240,240,240,240,240,240,240,240,240,240,,,,,,,,,,,,,,,,,,,,,,,,,,,,,,,,,,,,,,,,,,,,,,,,
240,240,240,240,240,240,240,240,240,240,240,240,,,,,,,,,,,,,,,,,,,,,,,,,,,,,,,,,,,,,,,,,,,,,,,,
240,240,240,240,240,240,240,240,240,240,240,240,,,,,,,,,,,,,,,,,,,,,,,,,,,,,,,,,,,,,,,,,,,,,,,,
240,240,240,240,240,240,240,240,240,240,240,240,,,,,,,,,,,,,,,,,,,,,,,,,,,,,,,,,,,,,,,,,,,,,,,,
240,240,240,240,240,240,240,240,240,240,240,240,,,,,,,,,,,,,,,,,,,,,,,,,,,,,,,,,,,,,,,,,,,,,,,,
240,240,240,240,240,240,240,240,240,240,240,240,,,,,,,,,,,,,,,,,,,,,,,,,,,,,,,,,,,,,,,,,,,,,,,,
240,240,240,240,240,240,240,240,240,240,240,240,,,,,,,,,,,,,,,,,,,,,,,,,,,,,,,,,,,,,,,,,,,,,,,,
240,240,240,240,240,240,240,240,240,240,240,240,,,,,,,,,,,,,,,,,,,,,,,,,,,,,,,,,,,,,,,,,,,,,,,,
240,240,240,240,240,240,240,240,240,240,240,240,,,,,,,,,,,,,,,,,,,,,,,,,,,,,,,,,,,,,,,,,,,,,,,,
240,240,240,240,240,240,240,240,240,240,240,240,,,,,,,,,,,,,,,,,,,,,,,,,,,,,,,,,,,,,,,,,,,,,,,,
240,240,240,240,240,240,240,240,240,240,240,240,,,,,,,,,,,,,,,,,,,,,,,,,,,,,,,,,,,,,,,,,,,,,,,,
240,240,240,240,240,240,240,240,240,240,240,240,,,,,,,,,,,,,,,,,,,,,,,,,,,,,,,,,,,,,,,,,,,,,,,,
240,240,240,240,240,240,240,240,240,240,240,240,,,,,,,,,,,,,,,,,,,,,,,,,,,,,,,,,,,,,,,,,,,,,,,,
240,240,240,240,240,240,240,240,240,240,240,240,,,,,,,,,,,,,,,,,,,,,,,,,,,,,,,,,,,,,,,,,,,,,,,,
240,240,240,240,240,240,240,240,240,240,240,240,,,,,,,,,,,,,,,,,,,,,,,,,,,,,,,,,,,,,,,,,,,,,,,,
240,240,240,240,240,240,240,240,240,240,240,240,,,,,,,,,,,,,,,,,,,,,,,,,,,,,,,,,,,,,,,,,,,,,,,,
240,240,240,240,240,240,240,240,240,240,240,240,,,,,,,,,,,,,,,,,,,,,,,,,,,,,,,,,,,,,,,,,,,,,,,,
240,240,240,240,240,240,240,240,240,240,240,240,,,,,,,,,,,,,,,,,,,,,,,,,,,,,,,,,,,,,,,,,,,,,,,,
240,240,240,240,240,240,240,240,240,240,240,240,,,,,,,,,,,,,,,,,,,,,,,,,,,,,,,,,,,,,,,,,,,,,,,,
240,240,240,240,240,240,240,240,240,240,240,240,,,,,,,,,,,,,,,,,,,,,,,,,,,,,,,,,,,,,,,,,,,,,,,,
240,240,240,240,240,240,240,240,240,240,240,240,,,,,,,,,,,,,,,,,,,,,,,,,,,,,,,,,,,,,,,,,,,,,,,,
240,240,240,240,240,240,240,240,240,240,240,240,,,,,,,,,,,,,,,,,,,,,,,,,,,,,,,,,,,,,,,,,,,,,,,,
240,240,240,240,240,240,240,240,240,240,240,240,,,,,,,,,,,,,,,,,,,,,,,,,,,,,,,,,,,,,,,,,,,,,,,,
240,240,240,240,240,240,240,240,240,240,240,240,,,,,,,,,,,,,,,,,,,,,,,,,,,,,,,,,,,,,,,,,,,,,,,,
240,240,240,240,240,240,240,240,240,240,240,240,,,,,,,,,,,,,,,,,,,,,,,,,,,,,,,,,,,,,,,,,,,,,,,,
240,240,240,240,240,240,240,240,240,240,240,240,,,,,,,,,,,,,,,,,,,,,,,,,,,,,,,,,,,,,,,,,,,,,,,,
240,240,240,240,240,240,240,240,240,240,240,240,,,,,,,,,,,,,,,,,,,,,,,,,,,,,,,,,,,,,,,,,,,,,,,,
240,240,240,240,240,240,240,240,240,240,240,240,,,,,,,,,,,,,,,,,,,,,,,,,,,,,,,,,,,,,,,,,,,,,,,,
240,240,240,240,240,240,240,240,240,240,240,240,,,,,,,,,,,,,,,,,,,,,,,,,,,,,,,,,,,,,,,,,,,,,,,,
PS_Config_Lmt_PenRingY_FW_Raw_N:,,,,,,,,,,,,,,,,,,,,,,,,,,,,,,,,,,,,,,,,,,,,,,,,,,,,,,,,,,,
0,0,0,0,0,0,0,0,0,0,0,0,,,,,,,,,,,,,,,,,,,,,,,,,,,,,,,,,,,,,,,,,,,,,,,,
0,0,0,0,0,0,0,0,0,0,0,0,,,,,,,,,,,,,,,,,,,,,,,,,,,,,,,,,,,,,,,,,,,,,,,,
0,0,0,0,0,0,0,0,0,0,0,0,,,,,,,,,,,,,,,,,,,,,,,,,,,,,,,,,,,,,,,,,,,,,,,,
0,0,0,0,0,0,0,0,0,0,0,0,,,,,,,,,,,,,,,,,,,,,,,,,,,,,,,,,,,,,,,,,,,,,,,,
0,0,0,0,0,0,0,0,0,0,0,0,,,,,,,,,,,,,,,,,,,,,,,,,,,,,,,,,,,,,,,,,,,,,,,,
0,0,0,0,0,0,0,0,0,0,0,0,,,,,,,,,,,,,,,,,,,,,,,,,,,,,,,,,,,,,,,,,,,,,,,,
0,0,0,0,0,0,0,0,0,0,0,0,,,,,,,,,,,,,,,,,,,,,,,,,,,,,,,,,,,,,,,,,,,,,,,,
0,0,0,0,0,0,0,0,0,0,0,0,,,,,,,,,,,,,,,,,,,,,,,,,,,,,,,,,,,,,,,,,,,,,,,,
0,0,0,0,0,0,0,0,0,0,0,0,,,,,,,,,,,,,,,,,,,,,,,,,,,,,,,,,,,,,,,,,,,,,,,,
0,0,0,0,0,0,0,0,0,0,0,0,,,,,,,,,,,,,,,,,,,,,,,,,,,,,,,,,,,,,,,,,,,,,,,,
0,0,0,0,0,0,0,0,0,0,0,0,,,,,,,,,,,,,,,,,,,,,,,,,,,,,,,,,,,,,,,,,,,,,,,,
0,0,0,0,0,0,0,0,0,0,0,0,,,,,,,,,,,,,,,,,,,,,,,,,,,,,,,,,,,,,,,,,,,,,,,,
0,0,0,0,0,0,0,0,0,0,0,0,,,,,,,,,,,,,,,,,,,,,,,,,,,,,,,,,,,,,,,,,,,,,,,,
0,0,0,0,0,0,0,0,0,0,0,0,,,,,,,,,,,,,,,,,,,,,,,,,,,,,,,,,,,,,,,,,,,,,,,,
0,0,0,0,0,0,0,0,0,0,0,0,,,,,,,,,,,,,,,,,,,,,,,,,,,,,,,,,,,,,,,,,,,,,,,,
0,0,0,0,0,0,0,0,0,0,0,0,,,,,,,,,,,,,,,,,,,,,,,,,,,,,,,,,,,,,,,,,,,,,,,,
0,0,0,0,0,0,0,0,0,0,0,0,,,,,,,,,,,,,,,,,,,,,,,,,,,,,,,,,,,,,,,,,,,,,,,,
0,0,0,0,0,0,0,0,0,0,0,0,,,,,,,,,,,,,,,,,,,,,,,,,,,,,,,,,,,,,,,,,,,,,,,,
0,0,0,0,0,0,0,0,0,0,0,0,,,,,,,,,,,,,,,,,,,,,,,,,,,,,,,,,,,,,,,,,,,,,,,,
0,0,0,0,0,0,0,0,0,0,0,0,,,,,,,,,,,,,,,,,,,,,,,,,,,,,,,,,,,,,,,,,,,,,,,,
0,0,0,0,0,0,0,0,0,0,0,0,,,,,,,,,,,,,,,,,,,,,,,,,,,,,,,,,,,,,,,,,,,,,,,,
0,0,0,0,0,0,0,0,0,0,0,0,,,,,,,,,,,,,,,,,,,,,,,,,,,,,,,,,,,,,,,,,,,,,,,,
0,0,0,0,0,0,0,0,0,0,0,0,,,,,,,,,,,,,,,,,,,,,,,,,,,,,,,,,,,,,,,,,,,,,,,,
0,0,0,0,0,0,0,0,0,0,0,0,,,,,,,,,,,,,,,,,,,,,,,,,,,,,,,,,,,,,,,,,,,,,,,,
0,0,0,0,0,0,0,0,0,0,0,0,,,,,,,,,,,,,,,,,,,,,,,,,,,,,,,,,,,,,,,,,,,,,,,,
0,0,0,0,0,0,0,0,0,0,0,0,,,,,,,,,,,,,,,,,,,,,,,,,,,,,,,,,,,,,,,,,,,,,,,,
0,0,0,0,0,0,0,0,0,0,0,0,,,,,,,,,,,,,,,,,,,,,,,,,,,,,,,,,,,,,,,,,,,,,,,,
0,0,0,0,0,0,0,0,0,0,0,0,,,,,,,,,,,,,,,,,,,,,,,,,,,,,,,,,,,,,,,,,,,,,,,,
0,0,0,0,0,0,0,0,0,0,0,0,,,,,,,,,,,,,,,,,,,,,,,,,,,,,,,,,,,,,,,,,,,,,,,,
0,0,0,0,0,0,0,0,0,0,0,0,,,,,,,,,,,,,,,,,,,,,,,,,,,,,,,,,,,,,,,,,,,,,,,,
0,0,0,0,0,0,0,0,0,0,0,0,,,,,,,,,,,,,,,,,,,,,,,,,,,,,,,,,,,,,,,,,,,,,,,,
0,0,0,0,0,0,0,0,0,0,0,0,,,,,,,,,,,,,,,,,,,,,,,,,,,,,,,,,,,,,,,,,,,,,,,,
0,0,0,0,0,0,0,0,0,0,0,0,,,,,,,,,,,,,,,,,,,,,,,,,,,,,,,,,,,,,,,,,,,,,,,,
0,0,0,0,0,0,0,0,0,0,0,0,,,,,,,,,,,,,,,,,,,,,,,,,,,,,,,,,,,,,,,,,,,,,,,,
0,0,0,0,0,0,0,0,0,0,0,0,,,,,,,,,,,,,,,,,,,,,,,,,,,,,,,,,,,,,,,,,,,,,,,,
0,0,0,0,0,0,0,0,0,0,0,0,,,,,,,,,,,,,,,,,,,,,,,,,,,,,,,,,,,,,,,,,,,,,,,,
0,0,0,0,0,0,0,0,0,0,0,0,,,,,,,,,,,,,,,,,,,,,,,,,,,,,,,,,,,,,,,,,,,,,,,,
0,0,0,0,0,0,0,0,0,0,0,0,,,,,,,,,,,,,,,,,,,,,,,,,,,,,,,,,,,,,,,,,,,,,,,,
0,0,0,0,0,0,0,0,0,0,0,0,,,,,,,,,,,,,,,,,,,,,,,,,,,,,,,,,,,,,,,,,,,,,,,,
0,0,0,0,0,0,0,0,0,0,0,0,,,,,,,,,,,,,,,,,,,,,,,,,,,,,,,,,,,,,,,,,,,,,,,,
PS_Config_Lmt_PenTipX_FW_Diff_P:,,,,,,,,,,,,,,,,,,,,,,,,,,,,,,,,,,,,,,,,,,,,,,,,,,,,,,,,,,,
120,120,120,120,120,120,120,120,120,120,120,120,120,120,120,120,120,120,120,120,120,120,120,120,120,120,120,120,120,120,120,120,120,120,120,120,120,120,120,120,120,120,120,120,120,120,120,120,120,120,120,120,120,120,120,120,120,120,120,120
120,120,120,120,120,120,120,120,120,120,120,120,120,120,120,120,120,120,120,120,120,120,120,120,120,120,120,120,120,120,120,120,120,120,120,120,120,120,120,120,120,120,120,120,120,120,120,120,120,120,120,120,120,120,120,120,120,120,120,120
120,120,120,120,120,120,120,120,120,120,120,120,120,120,120,120,120,120,120,120,120,120,120,120,120,120,120,120,120,120,120,120,120,120,120,120,120,120,120,120,120,120,120,120,120,120,120,120,120,120,120,120,120,120,120,120,120,120,120,120
120,120,120,120,120,120,120,120,120,120,120,120,120,120,120,120,120,120,120,120,120,120,120,120,120,120,120,120,120,120,120,120,120,120,120,120,120,120,120,120,120,120,120,120,120,120,120,120,120,120,120,120,120,120,120,120,120,120,120,120
120,120,120,120,120,120,120,120,120,120,120,120,120,120,120,120,120,120,120,120,120,120,120,120,120,120,120,120,120,120,120,120,120,120,120,120,120,120,120,120,120,120,120,120,120,120,120,120,120,120,120,120,120,120,120,120,120,120,120,120
120,120,120,120,120,120,120,120,120,120,120,120,120,120,120,120,120,120,120,120,120,120,120,120,120,120,120,120,120,120,120,120,120,120,120,120,120,120,120,120,120,120,120,120,120,120,120,120,120,120,120,120,120,120,120,120,120,120,120,120
120,120,120,120,120,120,120,120,120,120,120,120,120,120,120,120,120,120,120,120,120,120,120,120,120,120,120,120,120,120,120,120,120,120,120,120,120,120,120,120,120,120,120,120,120,120,120,120,120,120,120,120,120,120,120,120,120,120,120,120
120,120,120,120,120,120,120,120,120,120,120,120,120,120,120,120,120,120,120,120,120,120,120,120,120,120,120,120,120,120,120,120,120,120,120,120,120,120,120,120,120,120,120,120,120,120,120,120,120,120,120,120,120,120,120,120,120,120,120,120
PS_Config_Lmt_PenTipX_FW_Diff_N:,,,,,,,,,,,,,,,,,,,,,,,,,,,,,,,,,,,,,,,,,,,,,,,,,,,,,,,,,,,
-120,-120,-120,-120,-120,-120,-120,-120,-120,-120,-120,-120,-120,-120,-120,-120,-120,-120,-120,-120,-120,-120,-120,-120,-120,-120,-120,-120,-120,-120,-120,-120,-120,-120,-120,-120,-120,-120,-120,-120,-120,-120,-120,-120,-120,-120,-120,-120,-120,-120,-120,-120,-120,-120,-120,-120,-120,-120,-120,-120
-120,-120,-120,-120,-120,-120,-120,-120,-120,-120,-120,-120,-120,-120,-120,-120,-120,-120,-120,-120,-120,-120,-120,-120,-120,-120,-120,-120,-120,-120,-120,-120,-120,-120,-120,-120,-120,-120,-120,-120,-120,-120,-120,-120,-120,-120,-120,-120,-120,-120,-120,-120,-120,-120,-120,-120,-120,-120,-120,-120
-120,-120,-120,-120,-120,-120,-120,-120,-120,-120,-120,-120,-120,-120,-120,-120,-120,-120,-120,-120,-120,-120,-120,-120,-120,-120,-120,-120,-120,-120,-120,-120,-120,-120,-120,-120,-120,-120,-120,-120,-120,-120,-120,-120,-120,-120,-120,-120,-120,-120,-120,-120,-120,-120,-120,-120,-120,-120,-120,-120
-120,-120,-120,-120,-120,-120,-120,-120,-120,-120,-120,-120,-120,-120,-120,-120,-120,-120,-120,-120,-120,-120,-120,-120,-120,-120,-120,-120,-120,-120,-120,-120,-120,-120,-120,-120,-120,-120,-120,-120,-120,-120,-120,-120,-120,-120,-120,-120,-120,-120,-120,-120,-120,-120,-120,-120,-120,-120,-120,-120
-120,-120,-120,-120,-120,-120,-120,-120,-120,-120,-120,-120,-120,-120,-120,-120,-120,-120,-120,-120,-120,-120,-120,-120,-120,-120,-120,-120,-120,-120,-120,-120,-120,-120,-120,-120,-120,-120,-120,-120,-120,-120,-120,-120,-120,-120,-120,-120,-120,-120,-120,-120,-120,-120,-120,-120,-120,-120,-120,-120
-120,-120,-120,-120,-120,-120,-120,-120,-120,-120,-120,-120,-120,-120,-120,-120,-120,-120,-120,-120,-120,-120,-120,-120,-120,-120,-120,-120,-120,-120,-120,-120,-120,-120,-120,-120,-120,-120,-120,-120,-120,-120,-120,-120,-120,-120,-120,-120,-120,-120,-120,-120,-120,-120,-120,-120,-120,-120,-120,-120
-120,-120,-120,-120,-120,-120,-120,-120,-120,-120,-120,-120,-120,-120,-120,-120,-120,-120,-120,-120,-120,-120,-120,-120,-120,-120,-120,-120,-120,-120,-120,-120,-120,-120,-120,-120,-120,-120,-120,-120,-120,-120,-120,-120,-120,-120,-120,-120,-120,-120,-120,-120,-120,-120,-120,-120,-120,-120,-120,-120
-120,-120,-120,-120,-120,-120,-120,-120,-120,-120,-120,-120,-120,-120,-120,-120,-120,-120,-120,-120,-120,-120,-120,-120,-120,-120,-120,-120,-120,-120,-120,-120,-120,-120,-120,-120,-120,-120,-120,-120,-120,-120,-120,-120,-120,-120,-120,-120,-120,-120,-120,-120,-120,-120,-120,-120,-120,-120,-120,-120
PS_Config_Lmt_PenTipY_FW_Diff_P:,,,,,,,,,,,,,,,,,,,,,,,,,,,,,,,,,,,,,,,,,,,,,,,,,,,,,,,,,,,
120,120,120,120,120,120,120,120,120,120,120,120,,,,,,,,,,,,,,,,,,,,,,,,,,,,,,,,,,,,,,,,,,,,,,,,
120,120,120,120,120,120,120,120,120,120,120,120,,,,,,,,,,,,,,,,,,,,,,,,,,,,,,,,,,,,,,,,,,,,,,,,
120,120,120,120,120,120,120,120,120,120,120,120,,,,,,,,,,,,,,,,,,,,,,,,,,,,,,,,,,,,,,,,,,,,,,,,
120,120,120,120,120,120,120,120,120,120,120,120,,,,,,,,,,,,,,,,,,,,,,,,,,,,,,,,,,,,,,,,,,,,,,,,
120,120,120,120,120,120,120,120,120,120,120,120,,,,,,,,,,,,,,,,,,,,,,,,,,,,,,,,,,,,,,,,,,,,,,,,
120,120,120,120,120,120,120,120,120,120,120,120,,,,,,,,,,,,,,,,,,,,,,,,,,,,,,,,,,,,,,,,,,,,,,,,
120,120,120,120,120,120,120,120,120,120,120,120,,,,,,,,,,,,,,,,,,,,,,,,,,,,,,,,,,,,,,,,,,,,,,,,
120,120,120,120,120,120,120,120,120,120,120,120,,,,,,,,,,,,,,,,,,,,,,,,,,,,,,,,,,,,,,,,,,,,,,,,
120,120,120,120,120,120,120,120,120,120,120,120,,,,,,,,,,,,,,,,,,,,,,,,,,,,,,,,,,,,,,,,,,,,,,,,
120,120,120,120,120,120,120,120,120,120,120,120,,,,,,,,,,,,,,,,,,,,,,,,,,,,,,,,,,,,,,,,,,,,,,,,
120,120,120,120,120,120,120,120,120,120,120,120,,,,,,,,,,,,,,,,,,,,,,,,,,,,,,,,,,,,,,,,,,,,,,,,
120,120,120,120,120,120,120,120,120,120,120,120,,,,,,,,,,,,,,,,,,,,,,,,,,,,,,,,,,,,,,,,,,,,,,,,
120,120,120,120,120,120,120,120,120,120,120,120,,,,,,,,,,,,,,,,,,,,,,,,,,,,,,,,,,,,,,,,,,,,,,,,
120,120,120,120,120,120,120,120,120,120,120,120,,,,,,,,,,,,,,,,,,,,,,,,,,,,,,,,,,,,,,,,,,,,,,,,
120,120,120,120,120,120,120,120,120,120,120,120,,,,,,,,,,,,,,,,,,,,,,,,,,,,,,,,,,,,,,,,,,,,,,,,
120,120,120,120,120,120,120,120,120,120,120,120,,,,,,,,,,,,,,,,,,,,,,,,,,,,,,,,,,,,,,,,,,,,,,,,
120,120,120,120,120,120,120,120,120,120,120,120,,,,,,,,,,,,,,,,,,,,,,,,,,,,,,,,,,,,,,,,,,,,,,,,
120,120,120,120,120,120,120,120,120,120,120,120,,,,,,,,,,,,,,,,,,,,,,,,,,,,,,,,,,,,,,,,,,,,,,,,
120,120,120,120,120,120,120,120,120,120,120,120,,,,,,,,,,,,,,,,,,,,,,,,,,,,,,,,,,,,,,,,,,,,,,,,
120,120,120,120,120,120,120,120,120,120,120,120,,,,,,,,,,,,,,,,,,,,,,,,,,,,,,,,,,,,,,,,,,,,,,,,
120,120,120,120,120,120,120,120,120,120,120,120,,,,,,,,,,,,,,,,,,,,,,,,,,,,,,,,,,,,,,,,,,,,,,,,
120,120,120,120,120,120,120,120,120,120,120,120,,,,,,,,,,,,,,,,,,,,,,,,,,,,,,,,,,,,,,,,,,,,,,,,
120,120,120,120,120,120,120,120,120,120,120,120,,,,,,,,,,,,,,,,,,,,,,,,,,,,,,,,,,,,,,,,,,,,,,,,
120,120,120,120,120,120,120,120,120,120,120,120,,,,,,,,,,,,,,,,,,,,,,,,,,,,,,,,,,,,,,,,,,,,,,,,
120,120,120,120,120,120,120,120,120,120,120,120,,,,,,,,,,,,,,,,,,,,,,,,,,,,,,,,,,,,,,,,,,,,,,,,
120,120,120,120,120,120,120,120,120,120,120,120,,,,,,,,,,,,,,,,,,,,,,,,,,,,,,,,,,,,,,,,,,,,,,,,
120,120,120,120,120,120,120,120,120,120,120,120,,,,,,,,,,,,,,,,,,,,,,,,,,,,,,,,,,,,,,,,,,,,,,,,
120,120,120,120,120,120,120,120,120,120,120,120,,,,,,,,,,,,,,,,,,,,,,,,,,,,,,,,,,,,,,,,,,,,,,,,
120,120,120,120,120,120,120,120,120,120,120,120,,,,,,,,,,,,,,,,,,,,,,,,,,,,,,,,,,,,,,,,,,,,,,,,
120,120,120,120,120,120,120,120,120,120,120,120,,,,,,,,,,,,,,,,,,,,,,,,,,,,,,,,,,,,,,,,,,,,,,,,
120,120,120,120,120,120,120,120,120,120,120,120,,,,,,,,,,,,,,,,,,,,,,,,,,,,,,,,,,,,,,,,,,,,,,,,
120,120,120,120,120,120,120,120,120,120,120,120,,,,,,,,,,,,,,,,,,,,,,,,,,,,,,,,,,,,,,,,,,,,,,,,
120,120,120,120,120,120,120,120,120,120,120,120,,,,,,,,,,,,,,,,,,,,,,,,,,,,,,,,,,,,,,,,,,,,,,,,
120,120,120,120,120,120,120,120,120,120,120,120,,,,,,,,,,,,,,,,,,,,,,,,,,,,,,,,,,,,,,,,,,,,,,,,
120,120,120,120,120,120,120,120,120,120,120,120,,,,,,,,,,,,,,,,,,,,,,,,,,,,,,,,,,,,,,,,,,,,,,,,
120,120,120,120,120,120,120,120,120,120,120,120,,,,,,,,,,,,,,,,,,,,,,,,,,,,,,,,,,,,,,,,,,,,,,,,
120,120,120,120,120,120,120,120,120,120,120,120,,,,,,,,,,,,,,,,,,,,,,,,,,,,,,,,,,,,,,,,,,,,,,,,
120,120,120,120,120,120,120,120,120,120,120,120,,,,,,,,,,,,,,,,,,,,,,,,,,,,,,,,,,,,,,,,,,,,,,,,
120,120,120,120,120,120,120,120,120,120,120,120,,,,,,,,,,,,,,,,,,,,,,,,,,,,,,,,,,,,,,,,,,,,,,,,
120,120,120,120,120,120,120,120,120,120,120,120,,,,,,,,,,,,,,,,,,,,,,,,,,,,,,,,,,,,,,,,,,,,,,,,
PS_Config_Lmt_PenTipY_FW_Diff_N:,,,,,,,,,,,,,,,,,,,,,,,,,,,,,,,,,,,,,,,,,,,,,,,,,,,,,,,,,,,
-120,-120,-120,-120,-120,-120,-120,-120,-120,-120,-120,-120,,,,,,,,,,,,,,,,,,,,,,,,,,,,,,,,,,,,,,,,,,,,,,,,
-120,-120,-120,-120,-120,-120,-120,-120,-120,-120,-120,-120,,,,,,,,,,,,,,,,,,,,,,,,,,,,,,,,,,,,,,,,,,,,,,,,
-120,-120,-120,-120,-120,-120,-120,-120,-120,-120,-120,-120,,,,,,,,,,,,,,,,,,,,,,,,,,,,,,,,,,,,,,,,,,,,,,,,
-120,-120,-120,-120,-120,-120,-120,-120,-120,-120,-120,-120,,,,,,,,,,,,,,,,,,,,,,,,,,,,,,,,,,,,,,,,,,,,,,,,
-120,-120,-120,-120,-120,-120,-120,-120,-120,-120,-120,-120,,,,,,,,,,,,,,,,,,,,,,,,,,,,,,,,,,,,,,,,,,,,,,,,
-120,-120,-120,-120,-120,-120,-120,-120,-120,-120,-120,-120,,,,,,,,,,,,,,,,,,,,,,,,,,,,,,,,,,,,,,,,,,,,,,,,
-120,-120,-120,-120,-120,-120,-120,-120,-120,-120,-120,-120,,,,,,,,,,,,,,,,,,,,,,,,,,,,,,,,,,,,,,,,,,,,,,,,
-120,-120,-120,-120,-120,-120,-120,-120,-120,-120,-120,-120,,,,,,,,,,,,,,,,,,,,,,,,,,,,,,,,,,,,,,,,,,,,,,,,
-120,-120,-120,-120,-120,-120,-120,-120,-120,-120,-120,-120,,,,,,,,,,,,,,,,,,,,,,,,,,,,,,,,,,,,,,,,,,,,,,,,
-120,-120,-120,-120,-120,-120,-120,-120,-120,-120,-120,-120,,,,,,,,,,,,,,,,,,,,,,,,,,,,,,,,,,,,,,,,,,,,,,,,
-120,-120,-120,-120,-120,-120,-120,-120,-120,-120,-120,-120,,,,,,,,,,,,,,,,,,,,,,,,,,,,,,,,,,,,,,,,,,,,,,,,
-120,-120,-120,-120,-120,-120,-120,-120,-120,-120,-120,-120,,,,,,,,,,,,,,,,,,,,,,,,,,,,,,,,,,,,,,,,,,,,,,,,
-120,-120,-120,-120,-120,-120,-120,-120,-120,-120,-120,-120,,,,,,,,,,,,,,,,,,,,,,,,,,,,,,,,,,,,,,,,,,,,,,,,
-120,-120,-120,-120,-120,-120,-120,-120,-120,-120,-120,-120,,,,,,,,,,,,,,,,,,,,,,,,,,,,,,,,,,,,,,,,,,,,,,,,
-120,-120,-120,-120,-120,-120,-120,-120,-120,-120,-120,-120,,,,,,,,,,,,,,,,,,,,,,,,,,,,,,,,,,,,,,,,,,,,,,,,
-120,-120,-120,-120,-120,-120,-120,-120,-120,-120,-120,-120,,,,,,,,,,,,,,,,,,,,,,,,,,,,,,,,,,,,,,,,,,,,,,,,
-120,-120,-120,-120,-120,-120,-120,-120,-120,-120,-120,-120,,,,,,,,,,,,,,,,,,,,,,,,,,,,,,,,,,,,,,,,,,,,,,,,
-120,-120,-120,-120,-120,-120,-120,-120,-120,-120,-120,-120,,,,,,,,,,,,,,,,,,,,,,,,,,,,,,,,,,,,,,,,,,,,,,,,
-120,-120,-120,-120,-120,-120,-120,-120,-120,-120,-120,-120,,,,,,,,,,,,,,,,,,,,,,,,,,,,,,,,,,,,,,,,,,,,,,,,
-120,-120,-120,-120,-120,-120,-120,-120,-120,-120,-120,-120,,,,,,,,,,,,,,,,,,,,,,,,,,,,,,,,,,,,,,,,,,,,,,,,
-120,-120,-120,-120,-120,-120,-120,-120,-120,-120,-120,-120,,,,,,,,,,,,,,,,,,,,,,,,,,,,,,,,,,,,,,,,,,,,,,,,
-120,-120,-120,-120,-120,-120,-120,-120,-120,-120,-120,-120,,,,,,,,,,,,,,,,,,,,,,,,,,,,,,,,,,,,,,,,,,,,,,,,
-120,-120,-120,-120,-120,-120,-120,-120,-120,-120,-120,-120,,,,,,,,,,,,,,,,,,,,,,,,,,,,,,,,,,,,,,,,,,,,,,,,
-120,-120,-120,-120,-120,-120,-120,-120,-120,-120,-120,-120,,,,,,,,,,,,,,,,,,,,,,,,,,,,,,,,,,,,,,,,,,,,,,,,
-120,-120,-120,-120,-120,-120,-120,-120,-120,-120,-120,-120,,,,,,,,,,,,,,,,,,,,,,,,,,,,,,,,,,,,,,,,,,,,,,,,
-120,-120,-120,-120,-120,-120,-120,-120,-120,-120,-120,-120,,,,,,,,,,,,,,,,,,,,,,,,,,,,,,,,,,,,,,,,,,,,,,,,
-120,-120,-120,-120,-120,-120,-120,-120,-120,-120,-120,-120,,,,,,,,,,,,,,,,,,,,,,,,,,,,,,,,,,,,,,,,,,,,,,,,
-120,-120,-120,-120,-120,-120,-120,-120,-120,-120,-120,-120,,,,,,,,,,,,,,,,,,,,,,,,,,,,,,,,,,,,,,,,,,,,,,,,
-120,-120,-120,-120,-120,-120,-120,-120,-120,-120,-120,-120,,,,,,,,,,,,,,,,,,,,,,,,,,,,,,,,,,,,,,,,,,,,,,,,
-120,-120,-120,-120,-120,-120,-120,-120,-120,-120,-120,-120,,,,,,,,,,,,,,,,,,,,,,,,,,,,,,,,,,,,,,,,,,,,,,,,
-120,-120,-120,-120,-120,-120,-120,-120,-120,-120,-120,-120,,,,,,,,,,,,,,,,,,,,,,,,,,,,,,,,,,,,,,,,,,,,,,,,
-120,-120,-120,-120,-120,-120,-120,-120,-120,-120,-120,-120,,,,,,,,,,,,,,,,,,,,,,,,,,,,,,,,,,,,,,,,,,,,,,,,
-120,-120,-120,-120,-120,-120,-120,-120,-120,-120,-120,-120,,,,,,,,,,,,,,,,,,,,,,,,,,,,,,,,,,,,,,,,,,,,,,,,
-120,-120,-120,-120,-120,-120,-120,-120,-120,-120,-120,-120,,,,,,,,,,,,,,,,,,,,,,,,,,,,,,,,,,,,,,,,,,,,,,,,
-120,-120,-120,-120,-120,-120,-120,-120,-120,-120,-120,-120,,,,,,,,,,,,,,,,,,,,,,,,,,,,,,,,,,,,,,,,,,,,,,,,
-120,-120,-120,-120,-120,-120,-120,-120,-120,-120,-120,-120,,,,,,,,,,,,,,,,,,,,,,,,,,,,,,,,,,,,,,,,,,,,,,,,
-120,-120,-120,-120,-120,-120,-120,-120,-120,-120,-120,-120,,,,,,,,,,,,,,,,,,,,,,,,,,,,,,,,,,,,,,,,,,,,,,,,
-120,-120,-120,-120,-120,-120,-120,-120,-120,-120,-120,-120,,,,,,,,,,,,,,,,,,,,,,,,,,,,,,,,,,,,,,,,,,,,,,,,
-120,-120,-120,-120,-120,-120,-120,-120,-120,-120,-120,-120,,,,,,,,,,,,,,,,,,,,,,,,,,,,,,,,,,,,,,,,,,,,,,,,
-120,-120,-120,-120,-120,-120,-120,-120,-120,-120,-120,-120,,,,,,,,,,,,,,,,,,,,,,,,,,,,,,,,,,,,,,,,,,,,,,,,
PS_Config_Lmt_PenRingX_FW_Diff_P:,,,,,,,,,,,,,,,,,,,,,,,,,,,,,,,,,,,,,,,,,,,,,,,,,,,,,,,,,,,
240,240,240,240,240,240,240,240,240,240,240,240,240,240,240,240,240,240,240,240,240,240,240,240,240,240,240,240,240,240,240,240,240,240,240,240,240,240,240,240,240,240,240,240,240,240,240,240,240,240,240,240,240,240,240,240,240,240,240,240
240,240,240,240,240,240,240,240,240,240,240,240,240,240,240,240,240,240,240,240,240,240,240,240,240,240,240,240,240,240,240,240,240,240,240,240,240,240,240,240,240,240,240,240,240,240,240,240,240,240,240,240,240,240,240,240,240,240,240,240
240,240,240,240,240,240,240,240,240,240,240,240,240,240,240,240,240,240,240,240,240,240,240,240,240,240,240,240,240,240,240,240,240,240,240,240,240,240,240,240,240,240,240,240,240,240,240,240,240,240,240,240,240,240,240,240,240,240,240,240
240,240,240,240,240,240,240,240,240,240,240,240,240,240,240,240,240,240,240,240,240,240,240,240,240,240,240,240,240,240,240,240,240,240,240,240,240,240,240,240,240,240,240,240,240,240,240,240,240,240,240,240,240,240,240,240,240,240,240,240
240,240,240,240,240,240,240,240,240,240,240,240,240,240,240,240,240,240,240,240,240,240,240,240,240,240,240,240,240,240,240,240,240,240,240,240,240,240,240,240,240,240,240,240,240,240,240,240,240,240,240,240,240,240,240,240,240,240,240,240
240,240,240,240,240,240,240,240,240,240,240,240,240,240,240,240,240,240,240,240,240,240,240,240,240,240,240,240,240,240,240,240,240,240,240,240,240,240,240,240,240,240,240,240,240,240,240,240,240,240,240,240,240,240,240,240,240,240,240,240
240,240,240,240,240,240,240,240,240,240,240,240,240,240,240,240,240,240,240,240,240,240,240,240,240,240,240,240,240,240,240,240,240,240,240,240,240,240,240,240,240,240,240,240,240,240,240,240,240,240,240,240,240,240,240,240,240,240,240,240
240,240,240,240,240,240,240,240,240,240,240,240,240,240,240,240,240,240,240,240,240,240,240,240,240,240,240,240,240,240,240,240,240,240,240,240,240,240,240,240,240,240,240,240,240,240,240,240,240,240,240,240,240,240,240,240,240,240,240,240
PS_Config_Lmt_PenRingX_FW_Diff_N:,,,,,,,,,,,,,,,,,,,,,,,,,,,,,,,,,,,,,,,,,,,,,,,,,,,,,,,,,,,
-240,-240,-240,-240,-240,-240,-240,-240,-240,-240,-240,-240,-240,-240,-240,-240,-240,-240,-240,-240,-240,-240,-240,-240,-240,-240,-240,-240,-240,-240,-240,-240,-240,-240,-240,-240,-240,-240,-240,-240,-240,-240,-240,-240,-240,-240,-240,-240,-240,-240,-240,-240,-240,-240,-240,-240,-240,-240,-240,-240
-240,-240,-240,-240,-240,-240,-240,-240,-240,-240,-240,-240,-240,-240,-240,-240,-240,-240,-240,-240,-240,-240,-240,-240,-240,-240,-240,-240,-240,-240,-240,-240,-240,-240,-240,-240,-240,-240,-240,-240,-240,-240,-240,-240,-240,-240,-240,-240,-240,-240,-240,-240,-240,-240,-240,-240,-240,-240,-240,-240
-240,-240,-240,-240,-240,-240,-240,-240,-240,-240,-240,-240,-240,-240,-240,-240,-240,-240,-240,-240,-240,-240,-240,-240,-240,-240,-240,-240,-240,-240,-240,-240,-240,-240,-240,-240,-240,-240,-240,-240,-240,-240,-240,-240,-240,-240,-240,-240,-240,-240,-240,-240,-240,-240,-240,-240,-240,-240,-240,-240
-240,-240,-240,-240,-240,-240,-240,-240,-240,-240,-240,-240,-240,-240,-240,-240,-240,-240,-240,-240,-240,-240,-240,-240,-240,-240,-240,-240,-240,-240,-240,-240,-240,-240,-240,-240,-240,-240,-240,-240,-240,-240,-240,-240,-240,-240,-240,-240,-240,-240,-240,-240,-240,-240,-240,-240,-240,-240,-240,-240
-240,-240,-240,-240,-240,-240,-240,-240,-240,-240,-240,-240,-240,-240,-240,-240,-240,-240,-240,-240,-240,-240,-240,-240,-240,-240,-240,-240,-240,-240,-240,-240,-240,-240,-240,-240,-240,-240,-240,-240,-240,-240,-240,-240,-240,-240,-240,-240,-240,-240,-240,-240,-240,-240,-240,-240,-240,-240,-240,-240
-240,-240,-240,-240,-240,-240,-240,-240,-240,-240,-240,-240,-240,-240,-240,-240,-240,-240,-240,-240,-240,-240,-240,-240,-240,-240,-240,-240,-240,-240,-240,-240,-240,-240,-240,-240,-240,-240,-240,-240,-240,-240,-240,-240,-240,-240,-240,-240,-240,-240,-240,-240,-240,-240,-240,-240,-240,-240,-240,-240
-240,-240,-240,-240,-240,-240,-240,-240,-240,-240,-240,-240,-240,-240,-240,-240,-240,-240,-240,-240,-240,-240,-240,-240,-240,-240,-240,-240,-240,-240,-240,-240,-240,-240,-240,-240,-240,-240,-240,-240,-240,-240,-240,-240,-240,-240,-240,-240,-240,-240,-240,-240,-240,-240,-240,-240,-240,-240,-240,-240
-240,-240,-240,-240,-240,-240,-240,-240,-240,-240,-240,-240,-240,-240,-240,-240,-240,-240,-240,-240,-240,-240,-240,-240,-240,-240,-240,-240,-240,-240,-240,-240,-240,-240,-240,-240,-240,-240,-240,-240,-240,-240,-240,-240,-240,-240,-240,-240,-240,-240,-240,-240,-240,-240,-240,-240,-240,-240,-240,-240
PS_Config_Lmt_PenRingY_FW_Diff_P:,,,,,,,,,,,,,,,,,,,,,,,,,,,,,,,,,,,,,,,,,,,,,,,,,,,,,,,,,,,
240,240,240,240,240,240,240,240,240,240,240,240,,,,,,,,,,,,,,,,,,,,,,,,,,,,,,,,,,,,,,,,,,,,,,,,
240,240,240,240,240,240,240,240,240,240,240,240,,,,,,,,,,,,,,,,,,,,,,,,,,,,,,,,,,,,,,,,,,,,,,,,
240,240,240,240,240,240,240,240,240,240,240,240,,,,,,,,,,,,,,,,,,,,,,,,,,,,,,,,,,,,,,,,,,,,,,,,
240,240,240,240,240,240,240,240,240,240,240,240,,,,,,,,,,,,,,,,,,,,,,,,,,,,,,,,,,,,,,,,,,,,,,,,
240,240,240,240,240,240,240,240,240,240,240,240,,,,,,,,,,,,,,,,,,,,,,,,,,,,,,,,,,,,,,,,,,,,,,,,
240,240,240,240,240,240,240,240,240,240,240,240,,,,,,,,,,,,,,,,,,,,,,,,,,,,,,,,,,,,,,,,,,,,,,,,
240,240,240,240,240,240,240,240,240,240,240,240,,,,,,,,,,,,,,,,,,,,,,,,,,,,,,,,,,,,,,,,,,,,,,,,
240,240,240,240,240,240,240,240,240,240,240,240,,,,,,,,,,,,,,,,,,,,,,,,,,,,,,,,,,,,,,,,,,,,,,,,
240,240,240,240,240,240,240,240,240,240,240,240,,,,,,,,,,,,,,,,,,,,,,,,,,,,,,,,,,,,,,,,,,,,,,,,
240,240,240,240,240,240,240,240,240,240,240,240,,,,,,,,,,,,,,,,,,,,,,,,,,,,,,,,,,,,,,,,,,,,,,,,
240,240,240,240,240,240,240,240,240,240,240,240,,,,,,,,,,,,,,,,,,,,,,,,,,,,,,,,,,,,,,,,,,,,,,,,
240,240,240,240,240,240,240,240,240,240,240,240,,,,,,,,,,,,,,,,,,,,,,,,,,,,,,,,,,,,,,,,,,,,,,,,
240,240,240,240,240,240,240,240,240,240,240,240,,,,,,,,,,,,,,,,,,,,,,,,,,,,,,,,,,,,,,,,,,,,,,,,
240,240,240,240,240,240,240,240,240,240,240,240,,,,,,,,,,,,,,,,,,,,,,,,,,,,,,,,,,,,,,,,,,,,,,,,
240,240,240,240,240,240,240,240,240,240,240,240,,,,,,,,,,,,,,,,,,,,,,,,,,,,,,,,,,,,,,,,,,,,,,,,
240,240,240,240,240,240,240,240,240,240,240,240,,,,,,,,,,,,,,,,,,,,,,,,,,,,,,,,,,,,,,,,,,,,,,,,
240,240,240,240,240,240,240,240,240,240,240,240,,,,,,,,,,,,,,,,,,,,,,,,,,,,,,,,,,,,,,,,,,,,,,,,
240,240,240,240,240,240,240,240,240,240,240,240,,,,,,,,,,,,,,,,,,,,,,,,,,,,,,,,,,,,,,,,,,,,,,,,
240,240,240,240,240,240,240,240,240,240,240,240,,,,,,,,,,,,,,,,,,,,,,,,,,,,,,,,,,,,,,,,,,,,,,,,
240,240,240,240,240,240,240,240,240,240,240,240,,,,,,,,,,,,,,,,,,,,,,,,,,,,,,,,,,,,,,,,,,,,,,,,
240,240,240,240,240,240,240,240,240,240,240,240,,,,,,,,,,,,,,,,,,,,,,,,,,,,,,,,,,,,,,,,,,,,,,,,
240,240,240,240,240,240,240,240,240,240,240,240,,,,,,,,,,,,,,,,,,,,,,,,,,,,,,,,,,,,,,,,,,,,,,,,
240,240,240,240,240,240,240,240,240,240,240,240,,,,,,,,,,,,,,,,,,,,,,,,,,,,,,,,,,,,,,,,,,,,,,,,
240,240,240,240,240,240,240,240,240,240,240,240,,,,,,,,,,,,,,,,,,,,,,,,,,,,,,,,,,,,,,,,,,,,,,,,
240,240,240,240,240,240,240,240,240,240,240,240,,,,,,,,,,,,,,,,,,,,,,,,,,,,,,,,,,,,,,,,,,,,,,,,
240,240,240,240,240,240,240,240,240,240,240,240,,,,,,,,,,,,,,,,,,,,,,,,,,,,,,,,,,,,,,,,,,,,,,,,
240,240,240,240,240,240,240,240,240,240,240,240,,,,,,,,,,,,,,,,,,,,,,,,,,,,,,,,,,,,,,,,,,,,,,,,
240,240,240,240,240,240,240,240,240,240,240,240,,,,,,,,,,,,,,,,,,,,,,,,,,,,,,,,,,,,,,,,,,,,,,,,
240,240,240,240,240,240,240,240,240,240,240,240,,,,,,,,,,,,,,,,,,,,,,,,,,,,,,,,,,,,,,,,,,,,,,,,
240,240,240,240,240,240,240,240,240,240,240,240,,,,,,,,,,,,,,,,,,,,,,,,,,,,,,,,,,,,,,,,,,,,,,,,
240,240,240,240,240,240,240,240,240,240,240,240,,,,,,,,,,,,,,,,,,,,,,,,,,,,,,,,,,,,,,,,,,,,,,,,
240,240,240,240,240,240,240,240,240,240,240,240,,,,,,,,,,,,,,,,,,,,,,,,,,,,,,,,,,,,,,,,,,,,,,,,
240,240,240,240,240,240,240,240,240,240,240,240,,,,,,,,,,,,,,,,,,,,,,,,,,,,,,,,,,,,,,,,,,,,,,,,
240,240,240,240,240,240,240,240,240,240,240,240,,,,,,,,,,,,,,,,,,,,,,,,,,,,,,,,,,,,,,,,,,,,,,,,
240,240,240,240,240,240,240,240,240,240,240,240,,,,,,,,,,,,,,,,,,,,,,,,,,,,,,,,,,,,,,,,,,,,,,,,
240,240,240,240,240,240,240,240,240,240,240,240,,,,,,,,,,,,,,,,,,,,,,,,,,,,,,,,,,,,,,,,,,,,,,,,
240,240,240,240,240,240,240,240,240,240,240,240,,,,,,,,,,,,,,,,,,,,,,,,,,,,,,,,,,,,,,,,,,,,,,,,
240,240,240,240,240,240,240,240,240,240,240,240,,,,,,,,,,,,,,,,,,,,,,,,,,,,,,,,,,,,,,,,,,,,,,,,
240,240,240,240,240,240,240,240,240,240,240,240,,,,,,,,,,,,,,,,,,,,,,,,,,,,,,,,,,,,,,,,,,,,,,,,
240,240,240,240,240,240,240,240,240,240,240,240,,,,,,,,,,,,,,,,,,,,,,,,,,,,,,,,,,,,,,,,,,,,,,,,
PS_Config_Lmt_PenRingY_FW_Diff_N:,,,,,,,,,,,,,,,,,,,,,,,,,,,,,,,,,,,,,,,,,,,,,,,,,,,,,,,,,,,
-240,-240,-240,-240,-240,-240,-240,-240,-240,-240,-240,-240,,,,,,,,,,,,,,,,,,,,,,,,,,,,,,,,,,,,,,,,,,,,,,,,
-240,-240,-240,-240,-240,-240,-240,-240,-240,-240,-240,-240,,,,,,,,,,,,,,,,,,,,,,,,,,,,,,,,,,,,,,,,,,,,,,,,
-240,-240,-240,-240,-240,-240,-240,-240,-240,-240,-240,-240,,,,,,,,,,,,,,,,,,,,,,,,,,,,,,,,,,,,,,,,,,,,,,,,
-240,-240,-240,-240,-240,-240,-240,-240,-240,-240,-240,-240,,,,,,,,,,,,,,,,,,,,,,,,,,,,,,,,,,,,,,,,,,,,,,,,
-240,-240,-240,-240,-240,-240,-240,-240,-240,-240,-240,-240,,,,,,,,,,,,,,,,,,,,,,,,,,,,,,,,,,,,,,,,,,,,,,,,
-240,-240,-240,-240,-240,-240,-240,-240,-240,-240,-240,-240,,,,,,,,,,,,,,,,,,,,,,,,,,,,,,,,,,,,,,,,,,,,,,,,
-240,-240,-240,-240,-240,-240,-240,-240,-240,-240,-240,-240,,,,,,,,,,,,,,,,,,,,,,,,,,,,,,,,,,,,,,,,,,,,,,,,
-240,-240,-240,-240,-240,-240,-240,-240,-240,-240,-240,-240,,,,,,,,,,,,,,,,,,,,,,,,,,,,,,,,,,,,,,,,,,,,,,,,
-240,-240,-240,-240,-240,-240,-240,-240,-240,-240,-240,-240,,,,,,,,,,,,,,,,,,,,,,,,,,,,,,,,,,,,,,,,,,,,,,,,
-240,-240,-240,-240,-240,-240,-240,-240,-240,-240,-240,-240,,,,,,,,,,,,,,,,,,,,,,,,,,,,,,,,,,,,,,,,,,,,,,,,
-240,-240,-240,-240,-240,-240,-240,-240,-240,-240,-240,-240,,,,,,,,,,,,,,,,,,,,,,,,,,,,,,,,,,,,,,,,,,,,,,,,
-240,-240,-240,-240,-240,-240,-240,-240,-240,-240,-240,-240,,,,,,,,,,,,,,,,,,,,,,,,,,,,,,,,,,,,,,,,,,,,,,,,
-240,-240,-240,-240,-240,-240,-240,-240,-240,-240,-240,-240,,,,,,,,,,,,,,,,,,,,,,,,,,,,,,,,,,,,,,,,,,,,,,,,
-240,-240,-240,-240,-240,-240,-240,-240,-240,-240,-240,-240,,,,,,,,,,,,,,,,,,,,,,,,,,,,,,,,,,,,,,,,,,,,,,,,
-240,-240,-240,-240,-240,-240,-240,-240,-240,-240,-240,-240,,,,,,,,,,,,,,,,,,,,,,,,,,,,,,,,,,,,,,,,,,,,,,,,
-240,-240,-240,-240,-240,-240,-240,-240,-240,-240,-240,-240,,,,,,,,,,,,,,,,,,,,,,,,,,,,,,,,,,,,,,,,,,,,,,,,
-240,-240,-240,-240,-240,-240,-240,-240,-240,-240,-240,-240,,,,,,,,,,,,,,,,,,,,,,,,,,,,,,,,,,,,,,,,,,,,,,,,
-240,-240,-240,-240,-240,-240,-240,-240,-240,-240,-240,-240,,,,,,,,,,,,,,,,,,,,,,,,,,,,,,,,,,,,,,,,,,,,,,,,
-240,-240,-240,-240,-240,-240,-240,-240,-240,-240,-240,-240,,,,,,,,,,,,,,,,,,,,,,,,,,,,,,,,,,,,,,,,,,,,,,,,
-240,-240,-240,-240,-240,-240,-240,-240,-240,-240,-240,-240,,,,,,,,,,,,,,,,,,,,,,,,,,,,,,,,,,,,,,,,,,,,,,,,
-240,-240,-240,-240,-240,-240,-240,-240,-240,-240,-240,-240,,,,,,,,,,,,,,,,,,,,,,,,,,,,,,,,,,,,,,,,,,,,,,,,
-240,-240,-240,-240,-240,-240,-240,-240,-240,-240,-240,-240,,,,,,,,,,,,,,,,,,,,,,,,,,,,,,,,,,,,,,,,,,,,,,,,
-240,-240,-240,-240,-240,-240,-240,-240,-240,-240,-240,-240,,,,,,,,,,,,,,,,,,,,,,,,,,,,,,,,,,,,,,,,,,,,,,,,
-240,-240,-240,-240,-240,-240,-240,-240,-240,-240,-240,-240,,,,,,,,,,,,,,,,,,,,,,,,,,,,,,,,,,,,,,,,,,,,,,,,
-240,-240,-240,-240,-240,-240,-240,-240,-240,-240,-240,-240,,,,,,,,,,,,,,,,,,,,,,,,,,,,,,,,,,,,,,,,,,,,,,,,
-240,-240,-240,-240,-240,-240,-240,-240,-240,-240,-240,-240,,,,,,,,,,,,,,,,,,,,,,,,,,,,,,,,,,,,,,,,,,,,,,,,
-240,-240,-240,-240,-240,-240,-240,-240,-240,-240,-240,-240,,,,,,,,,,,,,,,,,,,,,,,,,,,,,,,,,,,,,,,,,,,,,,,,
-240,-240,-240,-240,-240,-240,-240,-240,-240,-240,-240,-240,,,,,,,,,,,,,,,,,,,,,,,,,,,,,,,,,,,,,,,,,,,,,,,,
-240,-240,-240,-240,-240,-240,-240,-240,-240,-240,-240,-240,,,,,,,,,,,,,,,,,,,,,,,,,,,,,,,,,,,,,,,,,,,,,,,,
-240,-240,-240,-240,-240,-240,-240,-240,-240,-240,-240,-240,,,,,,,,,,,,,,,,,,,,,,,,,,,,,,,,,,,,,,,,,,,,,,,,
-240,-240,-240,-240,-240,-240,-240,-240,-240,-240,-240,-240,,,,,,,,,,,,,,,,,,,,,,,,,,,,,,,,,,,,,,,,,,,,,,,,
-240,-240,-240,-240,-240,-240,-240,-240,-240,-240,-240,-240,,,,,,,,,,,,,,,,,,,,,,,,,,,,,,,,,,,,,,,,,,,,,,,,
-240,-240,-240,-240,-240,-240,-240,-240,-240,-240,-240,-240,,,,,,,,,,,,,,,,,,,,,,,,,,,,,,,,,,,,,,,,,,,,,,,,
-240,-240,-240,-240,-240,-240,-240,-240,-240,-240,-240,-240,,,,,,,,,,,,,,,,,,,,,,,,,,,,,,,,,,,,,,,,,,,,,,,,
-240,-240,-240,-240,-240,-240,-240,-240,-240,-240,-240,-240,,,,,,,,,,,,,,,,,,,,,,,,,,,,,,,,,,,,,,,,,,,,,,,,
-240,-240,-240,-240,-240,-240,-240,-240,-240,-240,-240,-240,,,,,,,,,,,,,,,,,,,,,,,,,,,,,,,,,,,,,,,,,,,,,,,,
-240,-240,-240,-240,-240,-240,-240,-240,-240,-240,-240,-240,,,,,,,,,,,,,,,,,,,,,,,,,,,,,,,,,,,,,,,,,,,,,,,,
-240,-240,-240,-240,-240,-240,-240,-240,-240,-240,-240,-240,,,,,,,,,,,,,,,,,,,,,,,,,,,,,,,,,,,,,,,,,,,,,,,,
-240,-240,-240,-240,-240,-240,-240,-240,-240,-240,-240,-240,,,,,,,,,,,,,,,,,,,,,,,,,,,,,,,,,,,,,,,,,,,,,,,,
-240,-240,-240,-240,-240,-240,-240,-240,-240,-240,-240,-240,,,,,,,,,,,,,,,,,,,,,,,,,,,,,,,,,,,,,,,,,,,,,,,,
PS_Config_Diff_Test_Frame:,,,,,,,,,,,,,,,,,,,,,,,,,,,,,,,,,,,,,,,,,,,,,,,,,,,,,,,,,,,
50,,,,,,,,,,,,,,,,,,,,,,,,,,,,,,,,,,,,,,,,,,,,,,,,,,,,,,,,,,,
